actor,country,description,genre,original_title,public,score,time,title,year
"Aaron Eckhart,Christian Bale,Heath Ledger","United States,United Kingdom","When the menace known as the Joker wreaks havoc and chaos on the people of Gotham, Batman must accept one of the greatest psychological and physical tests of his ability to fight injustice.","Action,Crime,Drama",Batman Begins 2,PG-13,9.0,152,The Dark Knight,2008
"James Caan,Al Pacino,Marlon Brando",United States,The aging patriarch of an organized crime dynasty in postwar New York City transfers control of his clandestine empire to his reluctant youngest son.,"Crime,Drama",Mario Puzo's The Godfather,R,9.2,175,The Godfather,1972
"Ben Kingsley,Liam Neeson,Ralph Fiennes",United States,"In German-occupied Poland during World War II, industrialist Oskar Schindler gradually becomes concerned for his Jewish workforce after witnessing their persecution by the Nazis.","Biography,Drama,History",La lista de Schindler,R,9.0,195,Schindler's List,1993
"Robert De Niro,Robert Duvall,Al Pacino",United States,"The early life and career of Vito Corleone in 1920s New York City is portrayed, while his son, Michael, expands and tightens his grip on the family crime syndicate.","Crime,Drama",Mario Puzo's the Godfather Part II,R,9.0,202,The Godfather Part II,1974
"Morgan Freeman,Tim Robbins,Bob Gunton",United States,"Over the course of several years, two convicts form a friendship, seeking consolation and, eventually, redemption through basic compassion.",Drama,Rita Hayworth and Shawshank Redemption,R,9.3,142,The Shawshank Redemption,1994
"Martin Balsam,Lee J. Cobb,Henry Fonda",United States,The jury in a New York City murder trial is frustrated by a single member whose skeptical caution forces them to more carefully consider the evidence before jumping to a hasty verdict.,"Crime,Drama",Twelve Angry Men,Approved,9.0,96,12 Angry Men,1957
"Samuel L. Jackson,John Travolta,Uma Thurman",United States,"The lives of two mob hitmen, a boxer, a gangster and his wife, and a pair of diner bandits intertwine in four tales of violence and redemption.","Crime,Drama",Black Mask,R,8.9,154,Pulp Fiction,1994
"Elijah Wood,Ian McKellen,Viggo Mortensen","New Zealand,United States",Gandalf and Aragorn lead the World of Men against Sauron's army to draw his gaze from Frodo and Sam as they approach Mount Doom with the One Ring.,"Action,Adventure,Drama",The Return of the King,PG-13,9.0,201,The Lord of the Rings: The Return of the King,2003
"Viggo Mortensen,Elijah Wood,Ian McKellen","New Zealand,United States","While Frodo and Sam edge closer to Mordor with the help of the shifty Gollum, the divided fellowship makes a stand against Sauron's new ally, Saruman, and his hordes of Isengard.","Action,Adventure,Drama",The Two Towers,PG-13,8.8,179,The Lord of the Rings: The Two Towers,2002
"Meat Loaf,Edward Norton,Brad Pitt","Germany,United States",An insomniac office worker and a devil-may-care soap maker form an underground fight club that evolves into much more.,Drama,Sàn Đấu Sinh Tử,R,8.8,139,Fight Club,1999
"Elijah Wood,Orlando Bloom,Ian McKellen","New Zealand,United States",A meek Hobbit from the Shire and eight companions set out on a journey to destroy the powerful One Ring and save Middle-earth from the Dark Lord Sauron.,"Action,Adventure,Drama",The Fellowship of the Ring,PG-13,8.8,178,The Lord of the Rings: The Fellowship of the Ring,2001
"Eli Wallach,Lee Van Cleef,Clint Eastwood","Italy,Spain,West Germany",A bounty hunting scam joins two men in an uneasy alliance against a third in a race to find a fortune in gold buried in a remote cemetery.,"Adventure,Western","The Good, the Ugly, the Bad",Approved,8.8,178,"The Good, the Bad and the Ugly",1966
"Tom Hanks,Robin Wright,Gary Sinise",United States,"The presidencies of Kennedy and Johnson, the Vietnam War, the Watergate scandal and other historical events unfold from the perspective of an Alabama man with an IQ of 75, whose only desire ...","Drama,Romance",Cuộc Đời Forrest Gump,PG-13,8.8,142,Forrest Gump,1994
"Carrie-Anne Moss,Laurence Fishburne,Keanu Reeves","United States,Australia","When a beautiful stranger leads computer hacker Neo to a forbidding underworld, he discovers the shocking truth--the life he knows is the elaborate deception of an evil cyber-intelligence.","Action,Sci-Fi",Ma Trận,R,8.7,136,The Matrix,1999
"Elliot Page,Joseph Gordon-Levitt,Leonardo DiCaprio","United States,United Kingdom","A thief who steals corporate secrets through the use of dream-sharing technology is given the inverse task of planting an idea into the mind of a C.E.O., but his tragic past may doom the pro...","Action,Adventure,Sci-Fi",Inception: The IMAX Experience,PG-13,8.8,148,Inception,2010
"Harrison Ford,Mark Hamill,Carrie Fisher",United States,"After the Rebels are overpowered by the Empire, Luke Skywalker begins his Jedi training with Yoda, while his friends are pursued across the galaxy by Darth Vader and bounty hunter Boba Fett.","Action,Adventure,Fantasy",The Empire Strikes Back,PG,8.7,124,Star Wars: Episode V - The Empire Strikes Back,1980
"Mikhail Bychkov,Yuriy Solomin,Maksim Munzuk","Soviet Union,Japan",The Russian army sends an explorer on an expedition to the snowy Siberian wilderness where he makes friends with a seasoned local hunter.,"Adventure,Biography,Drama","Uzala, der Kirgise",G,8.2,142,Dersu Uzala,1975
"Scott Weinger,Robin Williams,Linda Larkin","United States,Japan",A kindhearted street urchin and a power-hungry Grand Vizier vie for a magic lamp that has the power to make their deepest wishes come true.,"Animation,Adventure,Comedy",Alovuddin,G,8.0,90,Aladdin,1992
"Octavia Spencer,Viola Davis,Emma Stone","United States,India","An aspiring author during the civil rights movement of the 1960s decides to write a book detailing the African American maids' point of view on the white families for which they work, and th...",Drama,Người Giúp Việc,PG-13,8.1,146,The Help,2011
"Jennifer Aniston,Eli Marienthal,Harry Connick Jr.","United States,Denmark",A young boy befriends a giant robot from outer space that a paranoid government agent wants to destroy.,"Animation,Action,Adventure",Người Máy Khổng Lồ,PG,8.1,86,The Iron Giant,1999
"Graham Chapman,John Cleese,Michael Palin",United Kingdom,"Born on the original Christmas in the stable next door to Jesus Christ, Brian of Nazareth spends his life being mistaken for a messiah.",Comedy,Monty Python's Life of Brian,R,8.0,94,Life of Brian,1979
"Kevin Costner,Graham Greene,Mary McDonnell","United States,United Kingdom","Lieutenant John Dunbar, assigned to a remote western Civil War outpost, finds himself engaging with a neighbouring Sioux settlement, causing him to question his own purpose.","Adventure,Drama,Western",Khiêu Vũ Với Bầy Sói,PG-13,8.0,181,Dances with Wolves,1990
"Jean-Pierre Léaud,Albert Rémy,Claire Maurier",France,"A young boy, left without attention, delves into a life of petty crime.","Crime,Drama",The Four Hundred Blows,Not Rated,8.1,99,The 400 Blows,1959
"Bibi Andersson,Liv Ullmann,Margaretha Krook",Sweden,A nurse is put in charge of a mute actress and finds that their personae are melding together.,"Drama,Thriller",Персона,Not Rated,8.1,83,Persona,1966
"Clark Gable,Claudette Colbert,Walter Connolly",United States,"A renegade reporter trailing a young runaway heiress for a big story joins her on a bus heading from Florida to New York, and they end up stuck with each other when the bus leaves them behin...","Comedy,Romance",Night Bus,Passed,8.1,105,It Happened One Night,1934
"Christopher Plummer,Julie Andrews,Eleanor Parker",United States,A young novice is sent by her convent in 1930s Austria to become a governess to the seven children of a widowed naval officer.,"Biography,Drama,Family",Rodgers and Hammerstein's the Sound of Music,G,8.1,172,The Sound of Music,1965
"Kim Min-hee,Cho Jin-woong,Ha Jung-woo",South Korea,"A woman is hired as a handmaiden to a Japanese heiress, but secretly she is involved in a plot to defraud her.","Drama,Romance,Thriller",Người Hầu Gái,Not Rated,8.1,145,The Handmaiden,2016
"Goya Toledo,Emilio Echevarría,Gael García Bernal",Mexico,"A horrific car accident connects three stories, each involving characters dealing with loss, regret, and life's harsh realities, all in the name of love.","Drama,Thriller",Amores perros,R,8.1,154,Amores Perros,2000
"Çetin Tekindor,Fikret Kuskan,Hümeyra",Turkey,The family of a left-wing journalist is torn apart after the military coup of Turkey in 1980.,"Drama,Family",Cha Và Con Của Tôi,Not Rated,8.2,112,My Father and My Son,2005
"George Kennedy,Strother Martin,Paul Newman",United States,"A laid back Southern man is sentenced to two years in a rural prison, but refuses to conform.","Crime,Drama",Hladnokrvni kaznjenec,GP,8.1,127,Cool Hand Luke,1967
"George Sanders,Joan Fontaine,Laurence Olivier",United States,A self-conscious woman juggles adjusting to her new role as an aristocrat's wife and avoiding being intimidated by his first wife's spectral presence.,"Drama,Film-Noir,Mystery",Ребекка,Approved,8.1,130,Rebecca,1940
"Manikandan K.,Lijo Mol Jose,Suriya",India,"When a tribal man is arrested for a case of alleged theft, his wife turns to a human-rights lawyer to help bring justice.","Crime,Drama,Mystery",Джай Бхім,TV-MA,8.8,164,Jai Bhim,2021
"Richard Gere,Cary-Hiroyuki Tagawa,Joan Allen","United Kingdom,United States",A college professor bonds with an abandoned dog he takes into his home.,"Biography,Drama,Family",Hachiko: A Dog's Story,G,8.1,93,Hachi: A Dog's Tale,2009
"Jane Darwell,Henry Fonda,John Carradine",United States,"An Oklahoma family, driven off their farm by the poverty and hopelessness of the Dust Bowl, joins the westward migration to California, suffering the misfortunes of the homeless in the Great...",Drama,Highway 66,Passed,8.1,129,The Grapes of Wrath,1940
"Yacef Saadi,Jean Martin,Brahim Hadjadj","Italy,Algeria","In the 1950s, fear and violence escalate as the people of Algiers fight for independence from the French government.","Drama,War",Alžirska bitka,Not Rated,8.1,121,The Battle of Algiers,1966
"Geoffrey Rush,Johnny Depp,Orlando Bloom",United States,"Blacksmith Will Turner teams up with eccentric pirate ""Captain"" Jack Sparrow to save his love, the governor's daughter, from Jack's former pirate allies, who are now undead.","Action,Adventure,Fantasy",Pirates of the Caribbean,PG-13,8.1,143,Pirates of the Caribbean: The Curse of the Black Pearl,2003
"Saïd Taghmaoui,Vincent Cassel,Hubert Koundé",France,24 hours in the lives of three young men in the French suburbs the day after a violent riot.,"Crime,Drama",Hate,Not Rated,8.1,98,La haine,1995
"Karuna Bannerjee,Subir Banerjee,Kanu Bannerjee",India,"Impoverished priest Harihar Ray, dreaming of a better life for himself and his family, leaves his rural Bengal village in search of work.",Drama,Pather Panchali: Song of the Little Road,Not Rated,8.2,125,Pather Panchali,1955
"Bill Murray,Andie MacDowell,Chris Elliott",United States,"A narcissistic, self-centered weatherman finds himself in a time loop on Groundhog Day, and the day keeps repeating until he gets it right.","Comedy,Drama,Fantasy",Ngày Chuột Chũi,PG,8.0,101,Groundhog Day,1993
"Max von Sydow,Ellen Burstyn,Linda Blair",United States,"When a 12 year old girl is possessed by a mysterious entity, her mother seeks the help of two priests to save her daughter.",Horror,The Exorcist: The Version You Haven't Seen Yet,R,8.1,122,The Exorcist,1973
"Fredric March,Myrna Loy,Dana Andrews",United States,"Three World War II veterans, two of them traumatized or disabled, return home to the American midwest to discover that they and their families have been irreparably changed.","Drama,Romance,War",Glory for Me,Approved,8.1,170,The Best Years of Our Lives,1946
"Samuel L. Jackson,Craig T. Nelson,Holly Hunter","United States,Japan","While trying to lead a quiet suburban life, a family of undercover superheroes are forced into action to save the world.","Animation,Action,Adventure",The Fantastics,PG,8.0,115,The Incredibles,2004
"Robert Stack,Carole Lombard,Jack Benny",United States,"During the Nazi occupation of Poland, an acting troupe becomes embroiled in a Polish soldier's efforts to track down a German spy.","Comedy,Romance,War",Sein oder Nichtsein,Passed,8.2,99,To Be or Not to Be,1942
"Ray Bolger,Judy Garland,Frank Morgan",United States,"Young Dorothy Gale and her dog Toto are swept away by a tornado from their Kansas farm to the magical Land of Oz, and embark on a quest with three new friends to see the Wizard, who can retu...","Adventure,Family,Fantasy",Čarovnik iz Oza,G,8.1,102,The Wizard of Oz,1939
"Emile Hirsch,Vince Vaughn,Catherine Keener",United States,"After graduating from Emory University, top student and athlete Christopher McCandless abandons his possessions, gives his entire $24,000 savings account to charity and hitchhikes to Alaska ...","Adventure,Biography,Drama",Về Với Thiên Nhiên,R,8.1,148,Into the Wild,2007
"Julie Delpy,Vernon Dobtcheff,Ethan Hawke","United States,France","Nine years after Jesse and Celine first met, they encounter each other again on the French leg of Jesse's book tour.","Drama,Romance",Before Sunrise 2,R,8.1,80,Before Sunset,2004
"William Holden,Peter Finch,Faye Dunaway",United States,"A television network cynically exploits a deranged former anchor's ravings and revelations about the news media for its own profit, but finds that his message may be difficult to control.",Drama,Televizijska mreža,R,8.1,121,Network,1976
"Chris Hemsworth,Daniel Brühl,Olivia Wilde","United Kingdom,United States",The merciless 1970s rivalry between Formula One rivals James Hunt and Niki Lauda.,"Action,Biography,Drama",Đường Đua Nghẹt Thở,R,8.1,123,Rush,2013
"Corey Feldman,Wil Wheaton,River Phoenix",United States,"After the death of one of his friends, a writer recounts a childhood journey with his friends to find the body of a missing boy.","Adventure,Drama",The Body,R,8.1,89,Stand by Me,1986
"Rachel McAdams,Michael Keaton,Mark Ruffalo",United States,"The true story of how the Boston Globe uncovered the massive scandal of child molestation and cover-up within the local Catholic Archdiocese, shaking the entire Catholic Church to its core.","Biography,Crime,Drama",Tiêu Điểm,R,8.1,129,Spotlight,2015
"Michael Biehn,Linda Hamilton,Arnold Schwarzenegger","United Kingdom,United States","A human soldier is sent from 2029 to 1984 to stop an almost indestructible cyborg killing machine, sent from the same year, which has been programmed to execute a young woman whose unborn so...","Action,Sci-Fi",Terminator,R,8.1,107,The Terminator,1984
"Dafne Keen,Hugh Jackman,Patrick Stewart",United States,"In a future where mutants are nearly extinct, an elderly and weary Logan leads a quiet life. But when Laura, a mutant child pursued by scientists, comes to him for help, he must get her to s...","Action,Drama,Sci-Fi",Wolverine 3,R,8.1,137,Logan,2017
"Joaquin Phoenix,Don Cheadle,Sophie Okonedo","United Kingdom,South Africa,Italy,United States","Paul Rusesabagina, a hotel manager, houses over a thousand Tutsi refugees during their struggle against the Hutu militia in Rwanda, Africa.","Biography,Drama,History",Khách Sạn Rwanda,PG-13,8.1,121,Hotel Rwanda,2004
"Brad Garrett,Patton Oswalt,Lou Romano",United States,A rat who can cook makes an unusual alliance with a young kitchen worker at a famous Paris restaurant.,"Animation,Adventure,Comedy",Untitled Rodent Project,G,8.1,111,Ratatouille,2007
"Chieko Higashiyama,Chishû Ryû,Sô Yamamura",Japan,"An old couple visit their children and grandchildren in the city, but receive little attention.",Drama,Токијска прича,Not Rated,8.2,136,Tokyo Story,1953
"Jon Bernthal,Christian Bale,Matt Damon",United States,American car designer Carroll Shelby and driver Ken Miles battle corporate interference and the laws of physics to build a revolutionary race car for Ford in order to defeat Ferrari at the 2...,"Action,Biography,Drama",Ford Versus Ferrari,PG-13,8.1,152,Ford v Ferrari,2019
"Julianne Moore,Jeff Bridges,John Goodman","United States,United Kingdom","Ultimate L.A. slacker Jeff ""The Dude"" Lebowski, mistaken for a millionaire of the same name, seeks restitution for a rug ruined by debt collectors, enlisting his bowling buddies for help whi...","Comedy,Crime",Bá Tước Lebowski,R,8.1,117,The Big Lebowski,1998
"Maria Falconetti,Eugene Silvain,André Berley",France,"In 1431, Jeanne d'Arc is placed on trial on charges of heresy. The ecclesiastical jurists attempt to force Jeanne to recant her claims of holy visions.","Biography,Drama,History",The Immortal Saint,Passed,8.2,114,The Passion of Joan of Arc,1928
"Jacob Tremblay,Brie Larson,Sean Bridgers","Ireland,Canada,United Kingdom,United States","A little boy is held captive in a room with his mother since his birth, so he has never known the world outside.","Drama,Thriller",La habitación,R,8.1,118,Room,2015
"Billy Crystal,Mary Gibbs,John Goodman","United States,Japan","In order to power the city, monsters have to scare children so that they scream. However, the children are toxic to the monsters, and after a child gets through, two monsters realize things ...","Animation,Adventure,Comedy","Monsters, Inc. 3D",G,8.1,92,"Monsters, Inc.",2001
"Gerard Butler,Jay Baruchel,Christopher Mintz-Plasse","United States,France","A hapless young Viking who aspires to hunt dragons becomes the unlikely friend of a young dragon himself, and learns there may be more to the creatures than he assumed.","Animation,Action,Adventure",How to Train Your Dragon: An IMAX 3D Experience,PG,8.1,98,How to Train Your Dragon,2010
"Robert Sean Leonard,Robin Williams,Ethan Hawke",United States,Maverick teacher John Keating uses poetry to embolden his boarding school students to new heights of self-expression.,"Comedy,Drama",Der Club der toten Dichter,PG,8.1,128,Dead Poets Society,1989
"Eric Bana,Philip Seymour Hoffman,Toni Collette",Australia,"A tale of friendship between two unlikely pen pals: Mary, a lonely, eight-year-old girl living in the suburbs of Melbourne, and Max, a forty-four-year old, severely obese man living in New Y...","Animation,Comedy,Drama",Mary Và Max,Not Rated,8.1,92,Mary and Max,2009
"Roy Scheider,Robert Shaw,Richard Dreyfuss",United States,"When a killer shark unleashes chaos on a beach community off Cape Cod, it's up to a local sheriff, a marine biologist, and an old seafarer to hunt the beast down.","Adventure,Thriller",Stillness in the Water,PG,8.1,124,Jaws,1975
"Claude Rains,James Stewart,Jean Arthur",United States,"A naive youth leader is appointed to fill a vacancy in the U.S. Senate. His idealistic plans promptly collide with corruption at home and subterfuge from his hero in Washington, but he tries...","Comedy,Drama",Frank Capra's Mr. Smith Goes to Washington,Passed,8.1,129,Mr. Smith Goes to Washington,1939
"Roe-ha Kim,Song Kang-ho,Kim Sang-kyung",South Korea,"In a small Korean province in 1986, two detectives struggle with the case of multiple young women being found raped and murdered by an unknown culprit.","Crime,Drama,Mystery",Hồi Ức Kẻ Sát Nhân,Not Rated,8.1,132,Memories of Murder,2003
"María Marull,Darío Grandinetti,Mónica Villa","Argentina,Spain,France,United Kingdom",Six short stories that explore the extremities of human behavior involving people in distress.,"Comedy,Drama,Thriller",Pasternak,R,8.1,122,Wild Tales,2014
"Orson Welles,Joseph Cotten,Alida Valli",United Kingdom,"Pulp novelist Holly Martins travels to shadowy, postwar Vienna, only to find himself investigating the mysterious death of an old friend, Harry Lime.","Film-Noir,Mystery,Thriller",The 3rd Man,Approved,8.1,93,The Third Man,1949
"Max von Sydow,Bengt Ekerot,Gunnar Björnstrand",Sweden,"A knight returning to Sweden after the Crusades seeks answers about life, death, and the existence of God as he plays chess against the Grim Reaper during the Black Plague.","Drama,Fantasy",Sedmi pečat,Not Rated,8.1,96,The Seventh Seal,1957
"Peter van Eyck,Charles Vanel,Yves Montand","France,Italy","In a decrepit South American village, four men are hired to transport an urgent nitroglycerine shipment without the equipment that would make it safe.","Adventure,Drama,Thriller",Plačilo za strah,Not Rated,8.2,131,The Wages of Fear,1953
"Robert De Niro,Christopher Walken,John Cazale","United States,United Kingdom",An in-depth examination of the ways in which the Vietnam War impacts and disrupts the lives of several friends in a small steel mill town in Pennsylvania.,"Drama,War",The Man Who Came to Play,R,8.1,183,The Deer Hunter,1978
"Alison Crosbie,Daniel Day-Lewis,Pete Postlethwaite","Ireland,United Kingdom",A man's coerced confession to an I.R.A. bombing he did not commit results in the imprisonment of his father as well. An English lawyer fights to free them.,"Biography,Crime,Drama",En el nombre del padre,R,8.1,133,In the Name of the Father,1993
"Patrick Magee,Ryan O'Neal,Marisa Berenson","United Kingdom,United States",An Irish rogue wins the heart of a rich widow and assumes her dead husband's aristocratic position in 18th-century England.,"Adventure,Drama,War",Баррі Ліндон,PG,8.1,185,Barry Lyndon,1975
"Bibi Andersson,Victor Sjöström,Ingrid Thulin",Sweden,"After living a life marked by coldness, an aging professor is forced to confront the emptiness of his existence.","Drama,Romance",Divje jagode,Not Rated,8.1,91,Wild Strawberries,1957
"Sam Worthington,Luke Bracey,Andrew Garfield","Australia,United States,United Kingdom,China","World War II American Army Medic Desmond T. Doss, who served during the Battle of Okinawa, refuses to kill people and becomes the first man in American history to receive the Medal of Honor ...","Biography,Drama,History",Người Hùng Không Súng,R,8.1,139,Hacksaw Ridge,2016
"Glen Cavender,Buster Keaton,Marion Mack",United States,"After being rejected by the Confederate military, not realizing it was due to his crucial civilian role, an engineer must single-handedly recapture his beloved locomotive after it is seized ...","Action,Adventure,Comedy",The Engine Driver,Passed,8.1,67,The General,1926
"Karl Malden,Lee J. Cobb,Marlon Brando",United States,"An ex-prize fighter turned New Jersey longshoreman struggles to stand up to his corrupt union bosses, including his older brother, as he starts to connect with the grieving sister of one of ...","Crime,Drama,Thriller",Bottom of the River,Approved,8.1,108,On the Waterfront,1954
"Stephen Boyd,Charlton Heston,Jack Hawkins",United States,"After a Jewish prince is betrayed and sent into slavery by a Roman friend in 1st-century Jerusalem, he regains his freedom and comes back for revenge.","Adventure,Drama",Ben-Hur: A Tale of the Christ,G,8.1,212,Ben-Hur,1959
"F. Murray Abraham,Mathieu Amalric,Ralph Fiennes","United States,Germany","A writer encounters the owner of an aging high-class hotel, who tells him of his early years serving as a lobby boy in the hotel's glorious years under an exceptional concierge.","Adventure,Comedy,Crime",Khách Sạn Đế Vương,R,8.1,99,The Grand Budapest Hotel,2014
"Michael Kenneth Williams,Chiwetel Ejiofor,Michael Fassbender","United States,United Kingdom","In the antebellum United States, Solomon Northup, a free black man from upstate New York, is abducted and sold into slavery.","Biography,Drama,History",Twelve Years a Slave,R,8.1,134,12 Years a Slave,2013
"Ben Affleck,Neil Patrick Harris,Rosamund Pike",United States,"With his wife's disappearance having become the focus of an intense media circus, a man sees the spotlight turned on him when it's suspected that he may not be innocent.","Drama,Mystery,Thriller",Cô Gái Mất Tích,R,8.1,149,Gone Girl,2014
"Emma Watson,Rupert Grint,Daniel Radcliffe","United Kingdom,United States","Harry, Ron, and Hermione search for Voldemort's remaining Horcruxes in their effort to destroy the Dark Lord as the final battle rages on at Hogwarts.","Adventure,Family,Fantasy",Harry Potter and the Deathly Hallows: Part 2 3D,PG-13,8.1,130,Harry Potter and the Deathly Hallows: Part 2,2011
"Julie Delpy,Andrea Eckert,Ethan Hawke","United States,Austria","A young man and woman meet on a train in Europe, and wind up spending one evening together in Vienna. Unfortunately, both know that this will probably be their only night together.","Drama,Romance",Antes del amanecer,R,8.1,101,Before Sunrise,1995
"Rashida Jones,Jason Schwartzman,J.K. Simmons","Spain,United Kingdom,United States","A simple act of kindness always sparks another, even in a frozen, faraway place. When Smeerensburg's new postman, Jesper, befriends toymaker Klaus, their gifts melt an age-old feud and deliv...","Animation,Adventure,Comedy",Klaus - Câu Chuyện Giáng Sinh,PG,8.2,96,Klaus,2019
"Amir Farrokh Hashemian,Mohammad Amir Naji,Bahare Seddiqi",Iran,"After a boy loses his sister's pair of shoes, he goes on a series of adventures in order to find them. When he can't, he tries a new way to ""win"" a new pair.","Drama,Family,Sport",The Children of Heaven,PG,8.2,89,Children of Heaven,1997
"Charles Chaplin,Tom Murray,Mack Swain",United States,"A prospector goes to the Klondike during the 1890s gold rush in hopes of making his fortune, and is smitten with a girl he sees in a dance hall.","Adventure,Comedy,Drama",Lucky Strike,Passed,8.1,95,The Gold Rush,1925
"Morgan Freeman,Hilary Swank,Clint Eastwood",United States,A determined woman works with a hardened boxing trainer to become a professional.,"Drama,Sport",Rope Burns,PG-13,8.1,132,Million Dollar Baby,2004
"Harrison Ford,Sean Young,Rutger Hauer",United States,A blade runner must pursue and terminate four replicants who stole a ship in space and have returned to Earth to find their creator.,"Action,Drama,Sci-Fi",Dangerous Days,R,8.1,117,Blade Runner,1982
"Christopher Walken,Tom Hanks,Leonardo DiCaprio","United States,Canada","Barely 21 yet, Frank is a skilled forger who has passed as a doctor, lawyer and pilot. FBI agent Carl becomes obsessed with tracking down the con man, who only revels in the pursuit.","Biography,Crime,Drama",Hãy Bắt Tôi Nếu Có Thể,PG-13,8.1,141,Catch Me If You Can,2002
"Hitoshi Takagi,Noriko Hidaka,Chika Sakamoto",Japan,"When two girls move to the country to be near their ailing mother, they have adventures with the wondrous forest spirits who live nearby.","Animation,Comedy,Family",Mi vecino Totoro,G,8.1,86,My Neighbor Totoro,1988
"Christopher Carley,Clint Eastwood,Bee Vang","Germany,United States","After a Hmong teenager tries to steal his prized 1972 Gran Torino, a disgruntled, prejudiced Korean War veteran seeks to redeem both the boy and himself.",Drama,Ngọt Và Đắng,R,8.1,116,Gran Torino,2008
"Frances McDormand,Steve Buscemi,William H. Macy","United States,United Kingdom",Minnesota car salesman Jerry Lundegaard's inept crime falls apart due to his and his henchmen's bungling and the persistent police work of the quite pregnant Marge Gunderson.,"Crime,Thriller",Thị Trấn Fargo,R,8.1,98,Fargo,1996
"George Georgiou,Laurence Fishburne,Keanu Reeves","United States,Germany","John Wick uncovers a path to defeating The High Table. But before he can earn his freedom, Wick must face off against a new enemy with powerful alliances across the globe and forces that tur...","Action,Crime,Thriller",Sát Thủ John Wick: Chương 4,R,8.2,169,John Wick: Chapter 4,2023
"Jake Gyllenhaal,Viola Davis,Hugh Jackman",United States,"When Keller Dover's daughter and her friend go missing, he takes matters into his own hands as the police pursue multiple leads and the pressure mounts.","Crime,Drama,Mystery",Lần Theo Dấu Vết,R,8.1,153,Prisoners,2013
"Nick Nolte,Joel Edgerton,Tom Hardy",United States,"The youngest son of an alcoholic former boxer returns home, where he's trained by his father for competition in a mixed martial arts tournament - a path that puts the fighter on a collision ...","Action,Drama,Sport",Chiến Binh Quyền Anh,PG-13,8.2,140,Warrior,2011
"Frances McDormand,Sam Rockwell,Woody Harrelson","United Kingdom,United States",A mother personally challenges the local authorities to solve her daughter's murder when they fail to catch the culprit.,"Comedy,Crime,Drama",3 Billboards,R,8.1,115,"Three Billboards Outside Ebbing, Missouri",2017
"William Holden,Alec Guinness,Jack Hawkins","United Kingdom,United States","British POWs are forced to build a railway bridge across the river Kwai for their Japanese captors in occupied Burma, not knowing that the allied forces are planning a daring commando raid t...","Adventure,Drama,War",Die Brücke am Kwai,PG,8.1,161,The Bridge on the River Kwai,1957
"Robert Cummings,Ray Milland,Grace Kelly",United States,A former tennis star arranges the murder of his adulterous wife.,"Crime,Thriller",Alfred Hitchcock's Dial M for Murder,PG,8.2,105,Dial M for Murder,1954
"Ewen Bremner,Ewan McGregor,Jonny Lee Miller",United Kingdom,"Renton, deeply immersed in the Edinburgh drug scene, tries to clean up and get out, despite the allure of the drugs and influence of friends.",Drama,Lối Sống Đồi Trụy,R,8.1,93,Trainspotting,1996
"Amy Poehler,Lewis Black,Bill Hader","United States,Japan","After young Riley is uprooted from her Midwest life and moved to San Francisco, her emotions - Joy, Fear, Anger, Disgust and Sadness - conflict on how best to navigate a new city, house, and...","Animation,Adventure,Comedy",The Untitled Pixar Movie That Takes You Inside the Mind,PG,8.1,95,Inside Out,2015
"Dexter Fletcher,Jason Flemyng,Nick Moran",United Kingdom,"Eddy persuades his three pals to pool money for a vital poker game against a powerful local mobster, Hatchet Harry. Eddy loses, after which Harry gives him a week to pay back 500,000 pounds.","Action,Comedy,Crime",Băng Đảng Người Anh,R,8.1,107,"Lock, Stock and Two Smoking Barrels",1998
"Soledad Villamil,Pablo Rago,Ricardo Darín","Argentina,Spain",A retired legal counselor writes a novel hoping to find closure for one of his past unresolved homicide cases and for his unreciprocated love with his superior - both of which still haunt hi...,"Drama,Mystery,Romance",Bí Mật Sau Ánh Mắt,R,8.2,129,The Secret in Their Eyes,2009
"Robert De Niro,Cathy Moriarty,Joe Pesci",United States,"The life of boxer Jake LaMotta, whose violence and temper that led him to the top in the ring destroyed his life outside of it.","Biography,Drama,Sport",The Life of Jake La Motta,R,8.1,129,Raging Bull,1980
"Jack Nicholson,Faye Dunaway,John Huston",United States,"A private detective hired to expose an adulterer in 1930s Los Angeles finds himself caught up in a web of deceit, corruption, and murder.","Drama,Mystery,Thriller",Kitajska četrt,R,8.2,130,Chinatown,1974
"Tatsuya Gashûin,Takuya Kimura,Chieko Baisho",Japan,"When an unconfident young woman is cursed with an old body by a spiteful witch, her only chance of breaking the spell lies with a self-indulgent yet insecure young wizard and his companions ...","Animation,Adventure,Family",Lâu Đài Di Động Của Howl,PG,8.2,119,Howl's Moving Castle,2004
"John Hurt,Anne Bancroft,Anthony Hopkins","United States,United Kingdom","A Victorian surgeon rescues a heavily disfigured man who is mistreated while scraping a living as a side-show freak. Behind his monstrous façade, there is revealed a person of kindness, inte...","Biography,Drama",Der Elefantenmensch,PG,8.2,124,The Elephant Man,1980
"Clark Gable,Vivien Leigh,Thomas Mitchell",United States,American motion picture classic in which a manipulative woman and a roguish man conduct a turbulent romance during the Civil War and Reconstruction periods.,"Drama,Romance,War",Gone with the Wind in 3-D,Passed,8.2,238,Gone with the Wind,1939
"Kurt Russell,Wilford Brimley,Keith David","United States,Canada",A research team in Antarctica is hunted by a shape-shifting alien that assumes the appearance of its victims.,"Horror,Mystery,Sci-Fi",John Carpenter's The Thing,R,8.2,109,The Thing,1982
"Ellen DeGeneres,Albert Brooks,Alexander Gould","United States,Japan","After his son is captured in the Great Barrier Reef and taken to Sydney, a timid clownfish sets out on a journey to bring him home.","Animation,Adventure,Comedy",Finding Nemo 3D,G,8.2,100,Finding Nemo,2003
"Rupert Graves,Hugo Weaving,Natalie Portman","United States,United Kingdom,Germany","In a future British dystopian society, a shadowy freedom fighter, known only by the alias of ""V"", plots to overthrow the tyrannical government - with the help of a young woman.","Action,Drama,Sci-Fi",V for Vendetta: The IMAX Experience,R,8.2,132,V for Vendetta,2005
"Tom Holland,Benedict Cumberbatch,Zendaya",United States,"With Spider-Man's identity now revealed, Peter asks Doctor Strange for help. When a spell goes wrong, dangerous foes from other worlds start to appear, forcing Peter to discover what it trul...","Action,Adventure,Fantasy",Serenity Now,PG-13,8.2,148,Spider-Man: No Way Home,2021
"Toshirô Mifune,Machiko Kyô,Masayuki Mori",Japan,"The rape of a bride and the murder of her samurai husband are recalled from the perspectives of a bandit, the bride, the samurai's ghost and a woodcutter.","Crime,Drama,Mystery",V gozdu,Not Rated,8.2,88,Rashomon,1950
"Daryl Hannah,David Carradine,Uma Thurman",United States,"After awakening from a four-year coma, a former assassin wreaks vengeance on the team of assassins who betrayed her.","Action,Crime,Drama",Kill Bill: Volume 1,R,8.2,111,Kill Bill: Vol. 1,2003
"Javier Bardem,Tommy Lee Jones,Josh Brolin",United States,Violence and mayhem ensue after a hunter stumbles upon a drug deal gone wrong and more than two million dollars in cash near the Rio Grande.,"Crime,Drama,Thriller",Không Chốn Dung Thân,R,8.2,122,No Country for Old Men,2007
"James Garner,Steve McQueen,Richard Attenborough",United States,Allied prisoners of war plan for several hundred of their number to escape from a German camp during World War II.,"Adventure,Drama,History",Gesprengte Ketten,Approved,8.2,172,The Great Escape,1963
"Eric Idle,Graham Chapman,John Cleese",United Kingdom,"King Arthur and his Knights of the Round Table embark on a surreal, low-budget search for the Holy Grail, encountering many, very silly obstacles.","Adventure,Comedy,Fantasy",Mønti Pythøn ik den Høli Gräilen,PG,8.2,91,Monty Python and the Holy Grail,1975
"Walter Huston,Humphrey Bogart,Tim Holt",United States,Two down-on-their-luck Americans searching for work in 1920s Mexico convince an old prospector to help them mine for gold in the Sierra Madre Mountains.,"Adventure,Drama,Western",Treasure of Sierra Madre,Passed,8.2,126,The Treasure of the Sierra Madre,1948
"Toshirô Mifune,Eijirô Tôno,Tatsuya Nakadai",Japan,A crafty ronin comes to a town divided by two criminal gangs and decides to play them against each other to free the town.,"Action,Drama,Thriller",The Bodyguard,Not Rated,8.2,110,Yojimbo,1961
"Bruce Willis,Toni Collette,Haley Joel Osment",United States,"A frightened, withdrawn Philadelphia boy who communicates with spirits seeks the help of a disheartened child psychologist.","Drama,Mystery,Thriller",Giác Quan Thứ Sáu,PG-13,8.2,107,The Sixth Sense,1999
"Emily Mortimer,Mark Ruffalo,Leonardo DiCaprio",United States,"In 1954, a U.S. Marshal investigates the disappearance of a murderer who escaped from a hospital for the criminally insane.","Mystery,Thriller",Ashecliffe,R,8.2,138,Shutter Island,2010
"Sergi López,Ivana Baquero,Ariadna Gil","Mexico,Spain","In the Falangist Spain of 1944, the bookish young stepdaughter of a sadistic army officer escapes into an eerie but captivating fantasy world.","Drama,Fantasy,War",The Labyrinth of the Faun,R,8.2,118,Pan's Labyrinth,2006
"Sam Neill,Jeff Goldblum,Laura Dern",United States,A pragmatic paleontologist touring an almost complete theme park on an island in Central America is tasked with protecting a couple of kids after a power failure causes the park's cloned din...,"Action,Adventure,Sci-Fi",JP,PG-13,8.2,127,Jurassic Park,1993
"Ed Harris,Russell Crowe,Jennifer Connelly",United States,"After John Nash, a brilliant but asocial mathematician, accepts secret work in cryptography, his life takes a turn for the nightmarish.","Biography,Drama",Một Tâm Hồn Đẹp,PG-13,8.2,135,A Beautiful Mind,2001
"Ed Harris,Jim Carrey,Laura Linney",United States,An insurance salesman discovers his whole life is actually a reality TV show.,"Comedy,Drama",Buổi Diễn Của Truman,PG,8.2,103,The Truman Show,1998
"Sharon Stone,Robert De Niro,Joe Pesci","United States,France","A tale of greed, deception, money, power, and murder occur between two best friends: a mafia enforcer and a casino executive compete against each other over a gambling empire, and over a fas...","Crime,Drama",Sòng Bạc,R,8.2,178,Casino,1995
"Richard Widmark,Spencer Tracy,Burt Lancaster",United States,"In 1948, an American court in occupied Germany tries four Nazis judged for war crimes.","Drama,War",Sojenje v Nürnbergu,Approved,8.3,179,Judgment at Nuremberg,1961
"Jinpachi Nezu,Akira Terao,Tatsuya Nakadai","Japan,France","In Medieval Japan, an elderly warlord retires, handing over his empire to his three sons. However, he vastly underestimates how the new-found power will corrupt them and cause them to turn o...","Action,Drama,War",Revolt,R,8.2,162,Ran,1985
"Paul Dano,Ciarán Hinds,Daniel Day-Lewis",United States,"A story of family, religion, hatred, oil and madness, focusing on a turn-of-the-century prospector in the early days of the business.",Drama,Oil!,R,8.2,158,There Will Be Blood,2007
"Gene Hackman,Morgan Freeman,Clint Eastwood",United States,"Retired Old West gunslinger William Munny reluctantly takes on one last job, with the help of his old partner Ned Logan and a young man, The ""Schofield Kid.""","Drama,Western",The Cut Whore Killings,R,8.2,130,Unforgiven,1992
"Linda Cardellini,Mahershala Ali,Viggo Mortensen","United States,China",A working-class Italian-American bouncer becomes the driver for an African-American classical pianist on a tour of venues through the 1960s American South.,"Biography,Comedy,Drama",Cẩm Nang Xanh,PG-13,8.2,130,Green Book,2018
"George Sanders,Bette Davis,Anne Baxter",United States,A seemingly timid but secretly ruthless ingénue insinuates herself into the lives of an aging Broadway star and her circle of theater friends.,Drama,Best Performance,Passed,8.2,138,All About Eve,1950
"Mark Gatiss,Anthony Hopkins,Olivia Colman","United Kingdom,France,United States","A man refuses all assistance from his daughter as he ages. As he tries to make sense of his changing circumstances, he begins to doubt his loved ones, his own mind and even the fabric of his...","Drama,Mystery",Ota,PG-13,8.2,97,The Father,2020
"Charles Chaplin,Edna Purviance,Jackie Coogan",United States,"The Tramp cares for an abandoned child, but events put their relationship in jeopardy.","Comedy,Drama,Family",The Waif,Passed,8.3,68,The Kid,1921
"Ken Watanabe,Christian Bale,Michael Caine","United States,United Kingdom","After training with his mentor, Batman begins his fight to free crime-ridden Gotham City from corruption.","Action,Crime,Drama",Batman 5,PG-13,8.2,140,Batman Begins,2005
"Aamir Khan,Sakshi Tanwar,Fatima Sana Shaikh","India,United States",Former wrestler Mahavir Singh Phogat and his two wrestler daughters struggle towards glory at the Commonwealth Games in the face of societal oppression.,"Biography,Drama,Sport",Wrestling Competition,Not Rated,8.3,161,Dangal,2016
"Ulrich Matthes,Alexandra Maria Lara,Bruno Ganz","Germany,Austria,Italy","Traudl Junge, the final secretary for Adolf Hitler, tells of the Nazi dictator's final days in his Berlin bunker at the end of WWII.","Biography,Drama,History",Ngày Tàn Của Hitler,R,8.2,156,Downfall,2004
"Jack Lemmon,Tony Curtis,Marilyn Monroe",United States,"After two male musicians witness a mob hit, they flee the state in an all-female band disguised as women, but further complications set in.","Comedy,Music,Romance","Not Tonight, Josephine!",Passed,8.2,121,Some Like It Hot,1959
"Tom Cruise,Miles Teller,Jennifer Connelly",United States,"After thirty years, Maverick is still pushing the envelope as a top naval aviator, but must confront ghosts of his past when he leads TOP GUN's elite graduates on a mission that demands the ...","Action,Drama",Phi Công Siêu Đẳng Maverick,PG-13,8.3,130,Top Gun: Maverick,2022
"George MacKay,Daniel Mays,Dean-Charles Chapman","United Kingdom,United States,India,Spain","April 6th, 1917. As an infantry battalion assembles to wage war deep in enemy territory, two soldiers are assigned to race against time and deliver a message that will stop 1,600 men from wa...","Action,Drama,War",Thế Chiến 1917,R,8.2,119,1917,2019
"Jason Statham,Stephen Graham,Brad Pitt","United Kingdom,United States","Unscrupulous boxing promoters, violent bookmakers, a Russian gangster, incompetent amateur robbers and supposedly Jewish jewelers fight to track down a priceless stolen diamond.","Comedy,Crime",Diamonds,R,8.2,102,Snatch,2000
"Enzo Staiola,Lamberto Maggiorani,Lianella Carell",Italy,"In post-war Italy, a working-class man's bicycle is stolen, endangering his efforts to find work. He and his son set out to find it.",Drama,The Bicycle Thief,Not Rated,8.3,89,Bicycle Thieves,1948
"Lee Van Cleef,Gian Maria Volontè,Clint Eastwood","Italy,Spain,West Germany",Two bounty hunters with the same intentions team up to track down an escaped Mexican outlaw.,Western,Za dolar več,R,8.2,132,For a Few Dollars More,1965
"Harrison Ford,Alison Doody,Sean Connery",United States,"In 1938, after his father goes missing while pursuing the Holy Grail, Indiana Jones finds himself up against the Nazis again to stop them from obtaining its powers.","Action,Adventure",Indiana Jones 3,PG-13,8.2,127,Indiana Jones and the Last Crusade,1989
"Robert De Niro,Jodie Foster,Cybill Shepherd",United States,"A mentally unstable veteran works as a nighttime taxi driver in New York City, where the perceived decadence and sleaze fuels his urge for violent action.","Crime,Drama",Tài Xế Taxi,R,8.2,114,Taxi Driver,1976
"Bruce Willis,Bonnie Bedelia,Alan Rickman,Fox Plaza - 2121 Avenue of the Stars, Century City, Los Angeles, California, USA",United States,A New York City police officer tries to save his estranged wife and several others taken hostage by terrorists during a Christmas party at the Nakatomi Plaza in Los Angeles.,"Action,Thriller",Umri pokončno,R,8.2,132,Die Hard,1988
"Aamir Khan,Tanay Chheda,Darsheel Safary",India,"An eight-year-old boy is thought to be a lazy trouble-maker, until the new art teacher has the patience and compassion to discover the real problem behind his struggles in school.","Drama,Family",Taare Zameen Par,PG,8.3,165,Like Stars on Earth,2007
"Guy Pearce,Kevin Spacey,Russell Crowe",United States,"As corruption grows in 1950s Los Angeles, three policemen - one strait-laced, one brutal, and one sleazy - investigate a series of murders with their own brand of justice.","Crime,Drama,Mystery",Bí Mật Los Angeles,R,8.2,138,L.A. Confidential,1997
"Edward Asner,John Ratzenberger,Jordan Nagai","United States,Japan","78-year-old Carl Fredricksen travels to Paradise Falls in his house equipped with balloons, inadvertently taking a young stowaway.","Animation,Adventure,Comedy",Shoots the Moon,PG,8.3,96,Up,2009
"Phillipa Soo,Leslie Odom Jr.,Lin-Manuel Miranda",United States,"The real life of one of America's foremost founding fathers and first Secretary of the Treasury, Alexander Hamilton. Captured live on Broadway from the Richard Rodgers Theater with the origi...","Biography,Drama,History",Anh Hùng Hamilton,PG-13,8.3,160,Hamilton,2020
"Robert De Niro,Val Kilmer,Al Pacino",United States,A group of high-end professional thieves start to feel the heat from the LAPD when they unknowingly leave a clue at their latest heist.,"Action,Crime,Drama",Fuego contra fuego,R,8.3,170,Heat,1995
"Sareh Bayat,Payman Maadi,Leila Hatami","Iran,France,Australia",A married couple are faced with a difficult decision - to improve the life of their child by moving to another country or to stay in Iran and look after a deteriorating parent who has Alzhei...,Drama,Cuộc Chia Ly,PG-13,8.3,123,A Separation,2011
"Lubna Azabal,Maxim Gaudette,Mélissa Désormeaux-Poulin","Canada,France",Twins journey to the Middle East to discover their family history and fulfill their mother's last wishes.,"Drama,Mystery",Tìm Tung Tích Mẹ,R,8.3,131,Incendies,2010
"Robert Shaw,Paul Newman,Robert Redford",United States,Two grifters team up to pull off the ultimate con.,"Comedy,Crime,Drama",Жаока,PG,8.3,129,The Sting,1973
"Alfred Abel,Brigitte Helm,Gustav Fröhlich",Germany,"In a futuristic city sharply divided between the working class and the city planners, the son of the city's mastermind falls in love with a working-class prophet who predicts the coming of a...","Drama,Sci-Fi",The Complete Metropolis,Not Rated,8.3,153,Metropolis,1927
"Gregory Peck,John Megna,Frank Overton",United States,"Atticus Finch, a widowed lawyer in Depression-era Alabama, defends a Black man against an undeserved rape charge, and tries to educate his young children against prejudice.","Crime,Drama",Ubiti ptico oponašalko,Approved,8.3,129,To Kill a Mockingbird,1962
"Steven Bauer,Michelle Pfeiffer,Al Pacino",United States,"In 1980 Miami, a determined Cuban immigrant takes over a drug cartel and succumbs to greed.","Crime,Drama",Lice s ožiljkom,R,8.3,170,Scarface,1983
"R. Lee Ermey,Matthew Modine,Vincent D'Onofrio","United Kingdom,United States",A pragmatic U.S. Marine observes the dehumanizing effects the Vietnam War has on his fellow recruits from their brutal boot camp training to the bloody street fighting in Hue.,"Drama,War",Stanley Kubrick's Full Metal Jacket,R,8.3,116,Full Metal Jacket,1987
"Rufus,Audrey Tautou,Mathieu Kassovitz","France,Germany","Amélie is an innocent and naive girl in Paris with her own sense of justice. She decides to help those around her and, along the way, discovers love.","Comedy,Romance",Amelie,R,8.3,122,Amélie,2001
"Patrick Magee,Michael Bates,Malcolm McDowell","United Kingdom,United States","In the future, a sadistic gang leader is imprisoned and volunteers for a conduct-aversion experiment, but it doesn't go as planned.","Crime,Sci-Fi",Stanley Kubrick's A Clockwork Orange,X,8.3,136,A Clockwork Orange,1971
"Jack Lemmon,Shirley MacLaine,Fred MacMurray",United States,"A Manhattan insurance clerk tries to rise in his company by letting its executives use his apartment for trysts, but complications and a romance of his own ensue.","Comedy,Drama,Romance",Das Appartement,Approved,8.3,125,The Apartment,1960
"Cary Grant,James Mason,Eva Marie Saint",United States,"A New York City advertising executive goes on the run after being mistaken for a government agent by a group of foreign spies, and falls for a woman whose loyalties he begins to doubt.","Action,Adventure,Mystery",Alfred Hitchcock's North by Northwest,Approved,8.3,136,North by Northwest,1959
"Edward G. Robinson,Barbara Stanwyck,Fred MacMurray",United States,"A Los Angeles insurance representative lets an alluring housewife seduce him into a scheme of insurance fraud and murder that arouses the suspicion of his colleague, an insurance investigato...","Crime,Drama,Film-Noir",Frau ohne Gewissen,Passed,8.3,107,Double Indemnity,1944
"Takashi Shimura,Shin'ichi Himori,Nobuo Kaneko",Japan,A bureaucrat tries to find meaning in his life after he discovers he has terminal cancer.,Drama,Doomed,Not Rated,8.3,143,Ikiru,1952
"Inge Landgut,Ellen Widmann,Peter Lorre",Germany,"When the police in a German city are unable to catch a child-murderer, other criminals join in the manhunt.","Crime,Mystery,Thriller",Murderers Among Us,Passed,8.3,99,M,1931
"Kim Novak,James Stewart,Barbara Bel Geddes",United States,"A former San Francisco police detective juggles wrestling with his personal demons and becoming obsessed with the hauntingly beautiful woman he has been hired to trail, who may be deeply dis...","Mystery,Romance,Thriller",Alfred Hitchcock's Vertigo,PG,8.3,128,Vertigo,1958
"Liubomiras Laucevicius,Olga Mironova,Aleksey Kravchenko",Soviet Union,"After finding an old rifle, a young boy joins the Soviet resistance movement against ruthless German forces and experiences the horrors of World War II.","Drama,Thriller,War",Pojdi in glej,Not Rated,8.4,142,Come and See,1985
"Annika Wedderkopp,Thomas Bo Larsen,Mads Mikkelsen","Denmark,Sweden","A teacher lives a lonely life, all the while struggling over his son's custody. His life slowly gets better as he finds love and receives good news from his son, but his new luck is about to...",Drama,Cuộc Săn Lùng,R,8.3,115,The Hunt,2012
"Dorothy Comingore,Orson Welles,Joseph Cotten",United States,"Following the death of publishing tycoon Charles Foster Kane, reporters scramble to uncover the meaning of his final utterance: 'Rosebud.'","Drama,Mystery",American,PG,8.3,119,Citizen Kane,1941
"Tim Roth,Michael Madsen,Harvey Keitel",United States,"When a simple jewelry heist goes horribly wrong, the surviving criminals begin to suspect that one of them is a police informant.","Crime,Thriller",Những Kẻ Phản Bội,R,8.3,99,Reservoir Dogs,1992
"Jim Carrey,Kate Winslet,Tom Wilkinson",United States,"When their relationship turns sour, a couple undergoes a medical procedure to have each other erased from their memories for ever.","Drama,Romance,Sci-Fi",Eterno resplandor de una mente sin recuerdos,R,8.3,108,Eternal Sunshine of the Spotless Mind,2004
"Boluwatife Treasure Bankole,Zain Al Rafeea,Yordanos Shiferaw","Lebanon,France,Cyprus,Qatar,United Kingdom","While serving a five-year sentence for a violent crime, a 12-year-old boy sues his parents for neglect.",Drama,Chaos,R,8.4,126,Capernaum,2018
"Keir Dullea,William Sylvester,Gary Lockwood","United Kingdom,United States","After uncovering a mysterious artifact buried beneath the Lunar surface, a spacecraft is sent to Jupiter to find its origins - a spacecraft manned by two men and the supercomputer H.A.L. 900...","Adventure,Sci-Fi",How the Solar System Was Won,G,8.3,149,2001: A Space Odyssey,1968
"Harrison Ford,Mark Hamill,Carrie Fisher",United States,"After rescuing Han Solo from Jabba the Hutt, the Rebels attempt to destroy the second Death Star, while Luke struggles to help Darth Vader back from the dark side.","Action,Adventure,Fantasy",Star Wars: Return of the Jedi,PG,8.3,131,Star Wars: Episode VI - Return of the Jedi,1983
"Ellen Burstyn,Jared Leto,Jennifer Connelly",United States,The drug-induced utopias of four Coney Island people are shattered when their addictions run deep.,Drama,Nguyện Cầu Cho Một Giấc Mơ,Unrated,8.3,102,Requiem for a Dream,2000
"Toshirô Mifune,Yutaka Sada,Tatsuya Nakadai",Japan,An executive of a Yokohama shoe company becomes a victim of extortion when his chauffeur's son is kidnapped by mistake and held for ransom.,"Crime,Drama,Mystery",Између неба и земље,Not Rated,8.4,143,High and Low,1963
"Mona Singh,Aamir Khan,Madhavan",India,"Two friends are searching for their long lost companion. They revisit their college days and recall the memories of their friend who inspired them to think differently, even as the rest of t...","Comedy,Drama",3 Chàng Ngốc,PG-13,8.4,170,3 Idiots,2009
"Anthony Quinn,Alec Guinness,Peter O'Toole",United Kingdom,"The story of T.E. Lawrence, the English officer who successfully united and led the diverse, often warring, Arab tribes during World War I in order to fight the Turks.","Adventure,Biography,Drama",Lorens od Arabije,Approved,8.3,218,Lawrence of Arabia,1962
"Tim Allen,Joan Cusack,Tom Hanks","United States,Japan","The toys are mistakenly delivered to a day-care center instead of the attic right before Andy leaves for college, and it's up to Woody to convince the other toys that they weren't abandoned ...","Animation,Adventure,Comedy",Toy Story 3: An IMAX 3D Experience,G,8.3,103,Toy Story 3,2010
"Ryo Narita,Mone Kamishiraishi,Ryunosuke Kamiki",Japan,"Two strangers find themselves linked in a bizarre way. When a connection forms, will distance be the only thing to keep them apart?","Animation,Drama,Fantasy",Tên Cậu Là Gì?,TV-PG,8.4,106,Your Name.,2016
"Debbie Reynolds,Donald O'Connor,Gene Kelly",United States,A silent film star falls for a chorus girl just as he and his delusionally jealous screen partner are trying to make the difficult transition to talking pictures in 1920s Hollywood.,"Comedy,Musical,Romance",Pojmo v dežju,G,8.3,103,Singin' in the Rain,1952
"Robert De Niro,James Woods,Elizabeth McGovern","Italy,United States","A former Prohibition-era Jewish gangster returns to the Lower East Side of Manhattan 35 years later, where he must once again confront the ghosts and regrets of his old life.","Crime,Drama",Bilo je nekoč v Ameriki,R,8.3,229,Once Upon a Time in America,1984
"Chris Evans,Mark Ruffalo,Robert Downey Jr.",United States,"After the devastating events of Avengers: Infinity War (2018), the universe is in ruins. With the help of remaining allies, the Avengers assemble once more in order to reverse Thanos' action...","Action,Adventure,Drama",Avengers 4,PG-13,8.4,181,Avengers: Endgame,2019
"Yûko Tanaka,Yôji Matsuda,Yuriko Ishida",Japan,"On a journey to find the cure for a Tatarigami's curse, Ashitaka finds himself in the middle of a war between the forest gods and Tatara, a mining colony. In this quest he also meets San, th...","Animation,Action,Adventure",Công Chúa Mononoke,PG-13,8.3,134,Princess Mononoke,1997
"Ben Affleck,Robin Williams,Matt Damon",United States,"Will Hunting, a janitor at M.I.T., has a gift for mathematics, but needs help from a psychologist to find direction in his life.","Drama,Romance",Chàng Will Tốt Bụng,R,8.3,126,Good Will Hunting,1997
"Robert De Niro,Zazie Beetz,Joaquin Phoenix","United States,Canada","The rise of Arthur Fleck, from aspiring stand-up comedian and pariah to Gotham's clown prince and leader of the revolution.","Crime,Drama,Thriller",Guasón,R,8.4,122,Joker,2019
"Sophie Marceau,Patrick McGoohan,Mel Gibson",United States,Scottish warrior William Wallace leads his countrymen in a rebellion to free his homeland from the tyranny of King Edward I of England.,"Biography,Drama,History",Trái Tim Dũng Cảm,R,8.4,178,Braveheart,1995
"Herbert Grönemeyer,Jürgen Prochnow,Klaus Wennemann","West Germany,Italy,France,United Kingdom",A German U-boat stalks the frigid waters of the North Atlantic as its young crew experience the sheer terror and claustrophobic life of a submariner in World War II.,"Drama,War",The Boat,1981,8.4,149,Das Boot,1981
"Benjamin Bratt,Anthony Gonzalez,Gael García Bernal","United States,Japan","Aspiring musician Miguel, confronted with his family's ancestral ban on music, enters the Land of the Dead to find his great-great-grandfather, a legendary singer.","Animation,Adventure,Comedy",Untitled Dia de los Muertos Project,PG,8.4,105,Coco,2017
"F. Murray Abraham,Tom Hulce,Elizabeth Berridge","United States,France,Italy","The life, success and troubles of Wolfgang Amadeus Mozart, as told by Antonio Salieri, the contemporaneous composer who was deeply jealous of Mozart's talent and claimed to have murdered him...","Biography,Drama,Music",Peter Shaffer's Amadeus,PG,8.4,160,Amadeus,1984
"Eli Roth,Diane Kruger,Brad Pitt","Germany,United States","In Nazi-occupied France during World War II, a plan to assassinate Nazi leaders by a group of Jewish U.S. soldiers coincides with a theatre owner's vengeful plans for the same.","Adventure,Drama,War",Inglorious Bastards,R,8.3,153,Inglourious Basterds,2009
"Anne Hathaway,Christian Bale,Tom Hardy","United States,United Kingdom","Eight years after the Joker's reign of chaos, Batman is coerced out of exile with the assistance of the mysterious Selina Kyle in order to defend Gotham City from the vicious guerrilla terro...","Action,Drama,Thriller",Arkham,PG-13,8.4,164,The Dark Knight Rises,2012
"George C. Scott,Peter Sellers,Sterling Hayden","United Kingdom,United States","An insane American general orders a bombing attack on the Soviet Union, triggering a path to nuclear holocaust that a war room full of politicians and generals frantically tries to stop.","Comedy,War",Dr. Strangelove,PG,8.4,95,Dr. Strangelove or: How I Learned to Stop Worrying and Love the Bomb,1964
"Chris Hemsworth,Mark Ruffalo,Robert Downey Jr.",United States,The Avengers and their allies must be willing to sacrifice all in an attempt to defeat the powerful Thanos before his blitz of devastation and ruin puts an end to the universe.,"Action,Adventure,Sci-Fi",Mary Lou,PG-13,8.4,149,Avengers: Infinity War,2018
"Tyrone Power,Charles Laughton,Marlene Dietrich",United States,A veteran British barrister must defend his client in a murder trial that has surprise after surprise.,"Crime,Drama,Mystery",Сведок оптужбе,Approved,8.4,116,Witness for the Prosecution,1957
"Tim Allen,Don Rickles,Tom Hanks","United States,Japan",A cowboy doll is profoundly threatened and jealous when a new spaceman action figure supplants him as top toy in a boy's bedroom.,"Animation,Adventure,Comedy",Toy Story in 3-D,G,8.3,81,Toy Story,1995
"Thora Birch,Kevin Spacey,Annette Bening",United States,A sexually frustrated suburban father has a mid-life crisis after becoming infatuated with his daughter's best friend.,Drama,Vẻ Đẹp Mỹ,R,8.4,122,American Beauty,1999
"Carrie Henn,Michael Biehn,Sigourney Weaver","United Kingdom,United States","Decades after surviving the Nostromo incident, Ellen Ripley is sent out to re-establish contact with a terraforming colony but finds herself battling the Alien Queen and her offspring.","Action,Adventure,Sci-Fi",Alien 2,R,8.4,137,Aliens,1986
"Charles Chaplin,Jack Oakie,Paulette Goddard",United States,Dictator Adenoid Hynkel tries to expand his empire while a poor Jewish barber tries to avoid persecution from Hynkel's regime.,"Comedy,Drama,War",The Dictator,G,8.4,125,The Great Dictator,1940
"Ralph Meeker,Adolphe Menjou,Kirk Douglas",United States,"After refusing to attack an enemy position, a general accuses the soldiers of cowardice and their commanding officer must defend them.","Drama,War",Путеви славе,Approved,8.4,88,Paths of Glory,1957
"Hailee Steinfeld,Shameik Moore,Jake Johnson","Canada,United States","Teen Miles Morales becomes the Spider-Man of his universe, and must join with five spider-powered individuals from other dimensions to stop a threat for all realities.","Animation,Action,Adventure",Người Nhện: Vũ Trụ Mới,PG,8.4,117,Spider-Man: Into the Spider-Verse,2018
"Gloria Swanson,William Holden,Erich von Stroheim",United States,A screenwriter develops a dangerous relationship with a faded film star determined to make a triumphant return.,"Drama,Film-Noir",Sunset Boulevard,Passed,8.4,110,Sunset Blvd.,1950
"Danny Lloyd,Shelley Duvall,Jack Nicholson","United Kingdom,United States","A family heads to an isolated hotel for the winter where a sinister presence influences the father into violence, while his psychic son sees horrific forebodings from both past and future.","Drama,Horror",Исијавање,R,8.4,146,The Shining,1980
"Sebastian Koch,Martina Gedeck,Ulrich Mühe","Germany,France","In 1984 East Berlin, an agent of the secret police, conducting surveillance on a writer and his lover, finds himself becoming increasingly absorbed by their lives.","Drama,Mystery,Thriller",Khoảnh Khắc Cuộc Đời,R,8.4,137,The Lives of Others,2006
"Harrison Ford,Paul Freeman,Karen Allen",United States,"In 1936, archaeologist and adventurer Indiana Jones is hired by the U.S. government to find the Ark of the Covenant before the Nazis can obtain its awesome powers.","Action,Adventure",Indiana Jones and the Raiders of the Lost Ark,PG,8.4,115,Raiders of the Lost Ark,1981
"Carrie-Anne Moss,Joe Pantoliano,Guy Pearce",United States,A man with short-term memory loss attempts to track down his wife's murderer.,"Mystery,Thriller",Kẻ Mất Trí Nhớ,R,8.4,113,Memento,2000
"Jamie Foxx,Christoph Waltz,Leonardo DiCaprio",United States,"With the help of a German bounty-hunter, a freed slave sets out to rescue his wife from a brutal plantation owner in Mississippi.","Drama,Western",Hành Trình Của Django,R,8.4,165,Django Unchained,2012
"John Hurt,Sigourney Weaver,Tom Skerritt","United Kingdom,United States",The crew of a commercial spacecraft encounter a deadly lifeform after investigating an unknown transmission.,"Horror,Sci-Fi",Alien: The Director's Cut,R,8.5,117,Alien,1979
"Charles Chaplin,Florence Lee,Virginia Cherrill",United States,"With the aid of a wealthy erratic tippler, a dewy-eyed tramp who has fallen in love with a sightless flower girl accumulates money to be able to help her medically.","Comedy,Drama,Romance",City Lights: A Comedy Romance in Pantomime,G,8.5,87,City Lights,1931
"Robert Duvall,Martin Sheen,Marlon Brando",United States,A U.S. Army officer serving in Vietnam is tasked with assassinating a renegade Special Forces Colonel who sees himself as a god.,"Drama,Mystery,War",Apocalypse Now: Final Cut,R,8.5,147,Apocalypse Now,1979
"Ben Burtt,Elissa Knight,Jeff Garlin","United States,Japan","In the distant future, a small waste-collecting robot inadvertently embarks on a space journey that will ultimately decide the fate of mankind.","Animation,Adventure,Family",Wall-E,G,8.4,98,WALL·E,2008
"Claudia Cardinale,Charles Bronson,Henry Fonda","Italy,United States",A mysterious stranger with a harmonica joins forces with a notorious desperado to protect a beautiful widow from a ruthless assassin working for the railroad.,Western,There Was Once the West,PG-13,8.5,165,Once Upon a Time in the West,1968
"Grace Kelly,James Stewart,Wendell Corey",United States,"A wheelchair-bound photographer spies on his neighbors from his Greenwich Village courtyard apartment window, and becomes convinced one of them has committed murder, despite the skepticism o...","Mystery,Thriller",Alfred Hitchcock's Rear Window,PG,8.5,112,Rear Window,1954
"Enzo Cannavale,Philippe Noiret,Antonella Attili","Italy,France",A filmmaker recalls his childhood when falling in love with the pictures at the cinema of his home village and forms a deep friendship with the cinema's projectionist.,"Drama,Romance",Cinema Paradiso: The New Version,PG,8.5,155,Cinema Paradiso,1988
"Anne Le Ny,François Cluzet,Omar Sy",France,"After he becomes a quadriplegic from a paragliding accident, an aristocrat hires a young man from the projects to be his caregiver.","Biography,Comedy,Drama",Những Kẻ Bên Lề,R,8.5,112,The Intouchables,2011
"Kevin Spacey,Gabriel Byrne,Chazz Palminteri","United States,Germany","A sole survivor tells of the twisty events leading up to a horrific gun battle on a boat, which began when five criminals met at a seemingly random police lineup.","Crime,Drama,Mystery",Nghi Phạm Vô Hình,R,8.5,106,The Usual Suspects,1995
"Akira Ishihama,Shima Iwashita,Tatsuya Nakadai",Japan,"When a ronin requesting seppuku at a feudal lord's palace is told of the brutal suicide of another ronin who previously visited, he reveals how their pasts are intertwined - and in doing so ...","Action,Drama,Mystery",Hara-Kiri,Not Rated,8.6,133,Harakiri,1962
"Ayano Shiraishi,Tsutomu Tatsumi,Akemi Yamaguchi",Japan,A young boy and his little sister struggle to survive in Japan during World War II.,"Animation,Drama,War",La tumba de las luciérnagas,Not Rated,8.5,89,Grave of the Fireflies,1988
"Humphrey Bogart,Ingrid Bergman,Paul Henreid",United States,A cynical expatriate American cafe owner struggles to decide whether or not to help his former lover and her fugitive husband escape the Nazis in French Morocco.,"Drama,Romance,War",Everybody Comes to Rick's,PG,8.5,102,Casablanca,1942
"Christian Bale,Scarlett Johansson,Hugh Jackman","United Kingdom,United States","After a tragic accident, two stage magicians in 1890s London engage in a battle to create the ultimate illusion while sacrificing everything they have to outwit each other.","Drama,Mystery,Sci-Fi",Ảo Thuật Gia Đấu Trí,PG-13,8.5,130,The Prestige,2006
"Miles Teller,J.K. Simmons,Melissa Benoist",United States,A promising young drummer enrolls at a cut-throat music conservatory where his dreams of greatness are mentored by an instructor who will stop at nothing to realize a student's potential.,"Drama,Music",Tay Trống Cự Phách,R,8.5,106,Whiplash,2014
"Jack Nicholson,Matt Damon,Leonardo DiCaprio","United States,Hong Kong",An undercover cop and a mole in the police attempt to identify each other while infiltrating an Irish gang in South Boston.,"Crime,Drama,Thriller",Điệp Vụ Boston,R,8.5,151,The Departed,2006
"Matthew Broderick,James Earl Jones,Jeremy Irons",United States,"Lion prince Simba and his father are targeted by his bitter uncle, who wants to ascend the throne himself.","Animation,Adventure,Drama",King of the Jungle,G,8.5,88,The Lion King,1994
"Edward Furlong,Beverly D'Angelo,Edward Norton",United States,A former neo-nazi skinhead tries to prevent his younger brother from going down the same wrong path that he did.,"Crime,Drama",Fatalni kurs X,R,8.5,119,American History X,1998
"Cho Yeo-jeong,Lee Sun-kyun,Song Kang-ho",South Korea,Greed and class discrimination threaten the newly formed symbiotic relationship between the wealthy Park family and the destitute Kim clan.,"Drama,Thriller",Ký Sinh Trùng,R,8.5,132,Parasite,2019
"Gary Oldman,Jean Reno,Natalie Portman","France,United States","12-year-old Mathilda is reluctantly taken in by Léon, a professional assassin, after her family is murdered. An unusual relationship forms as she becomes his protégée and learns the assassin...","Action,Crime,Drama",Léon,R,8.5,110,Léon: The Professional,1994
"Thomas Kretschmann,Frank Finlay,Adrien Brody","France,Poland,Germany,United Kingdom",A Polish Jewish musician struggles to survive the destruction of the Warsaw ghetto of World War II.,"Biography,Drama,Music",Nghệ Sĩ Dương Cầm,R,8.5,150,The Pianist,2002
"Charles Chaplin,Paulette Goddard,Henry Bergman",United States,The Tramp struggles to live in modern industrial society with the help of a young homeless woman.,"Comedy,Drama,Romance",The Masses,G,8.5,87,Modern Times,1936
"Joaquin Phoenix,Connie Nielsen,Russell Crowe","United States,United Kingdom,Malta,Morocco",A former Roman General sets out to exact vengeance against the corrupt emperor who murdered his family and sent him into slavery.,"Action,Adventure,Drama",The Gladiators,R,8.5,155,Gladiator,2000
"Michael J. Fox,Christopher Lloyd,Lea Thompson",United States,"Marty McFly, a 17-year-old high school student, is accidentally sent 30 years into the past in a time-traveling DeLorean invented by his close friend, the maverick scientist Doc Brown.","Adventure,Comedy,Sci-Fi",Povratak u buducnost,PG,8.5,116,Back to the Future,1985
"Miyu Irino,Daveigh Chase,Suzanne Pleshette",Japan,"During her family's move to the suburbs, a sullen 10-year-old girl wanders into a world ruled by gods, witches and spirits, a world where humans are changed into beasts.","Animation,Adventure,Family",Miyazaki's Spirited Away,PG,8.6,125,Spirited Away,2001
"Janet Leigh,Vera Miles,Anthony Perkins",United States,"A Phoenix secretary embezzles $40,000 from her employer's client, goes on the run and checks into a remote motel run by a young man under the domination of his mother.","Horror,Mystery,Thriller",Alfred Hitchcock's Psycho,R,8.5,109,Psycho,1960
"Harrison Ford,Mark Hamill,Carrie Fisher",United States,"Luke Skywalker joins forces with a Jedi Knight, a cocky pilot, a Wookiee and two droids to save the galaxy from the Empire's world-destroying battle station, while also attempting to rescue ...","Action,Adventure,Fantasy",La guerra de las estrellas,PG,8.6,121,Star Wars: Episode IV - A New Hope,1977
"Tom Hanks,David Morse,Michael Clarke Duncan",United States,"The lives of guards on Death Row are affected by one of their charges: a black man accused of child murder and rape, yet who has a mysterious gift.","Crime,Drama,Fantasy",Stephen King's The Green Mile,R,8.6,189,The Green Mile,1999
"Edward Furlong,Linda Hamilton,Arnold Schwarzenegger",United States,"A cyborg, identical to the one who failed to kill Sarah Connor, must now protect her 10-year old son John from an even more advanced and powerful cyborg.","Action,Sci-Fi",El Exterminator 2,R,8.6,137,Terminator 2: Judgment Day,1991
"Giorgio Cantarini,Nicoletta Braschi,Roberto Benigni",Italy,"When an open-minded Jewish waiter and his son become victims of the Holocaust, he uses a perfect mixture of will, humor and imagination to protect his son from the dangers around their camp.","Comedy,Drama,Romance",Cuộc Sống Tươi Đẹp,PG-13,8.6,116,Life Is Beautiful,1997
"Anne Hathaway,Jessica Chastain,Matthew McConaughey","United States,United Kingdom,Canada",A team of explorers travel through a wormhole in space in an attempt to ensure humanity's survival.,"Adventure,Drama,Sci-Fi",Flora's Letter,PG-13,8.6,169,Interstellar,2014
"Tom Sizemore,Tom Hanks,Matt Damon",United States,"Following the Normandy Landings, a group of U.S. soldiers go behind enemy lines to retrieve a paratrooper whose brothers have been killed in action.","Drama,War",Private Ryan,R,8.6,169,Saving Private Ryan,1998
"Alexandre Rodrigues,Matheus Nachtergaele,Leandro Firmino","Brazil,France,Germany","In the slums of Rio, two kids' paths diverge as one struggles to become a photographer and the other a kingpin.","Crime,Drama",Ciudad de Dios,R,8.6,130,City of God,2002
"Jodie Foster,Lawrence A. Bonney,Anthony Hopkins",United States,"A young F.B.I. cadet must receive the help of an incarcerated and manipulative cannibal killer to help catch another serial killer, a madman who skins his victims.","Crime,Drama,Thriller",Silence of the Lambs,R,8.6,118,The Silence of the Lambs,1991
"Lionel Barrymore,James Stewart,Donna Reed",United States,An angel is sent from Heaven to help a desperately frustrated businessman by showing him what life would have been like if he had never existed.,"Drama,Family,Fantasy",Frank Capra's It's a Wonderful Life,PG,8.6,130,It's a Wonderful Life,1946
"Michael Berryman,Jack Nicholson,Louise Fletcher",United States,"In the Fall of 1963, a Korean War veteran and criminal pleads insanity and is admitted to a mental institution, where he rallies up the scared patients against the tyrannical nurse.",Drama,Let nad kukavičjim gnezdom,R,8.7,133,One Flew Over the Cuckoo's Nest,1975
"Morgan Freeman,Kevin Spacey,Brad Pitt",United States,"Two detectives, a rookie and a veteran, hunt a serial killer who uses the seven deadly sins as his motives.","Crime,Drama,Mystery",Seven,R,8.6,127,Se7en,1995
"Robert De Niro,Ray Liotta,Joe Pesci",United States,"The story of Henry Hill and his life in the mob, covering his relationship with his wife Karen Hill and his mob partners Jimmy Conway and Tommy DeVito in the Italian-American crime syndicate...","Biography,Crime,Drama",GoodFellas,R,8.7,145,Goodfellas,1990
"Toshirô Mifune,Takashi Shimura,Keiko Tsushima",Japan,"Farmers from a village exploited by bandits hire a veteran samurai for protection, who gathers six other samurai to join him.","Action,Drama",The Magnificent Seven,Not Rated,8.6,207,Seven Samurai,1954
