country,genre,original_title,public,score,stars,storyline,time,title,year
United States,Drama,,R,9.3,"Bob Gunton,Tim Robbins,Morgan Freeman","Over the course of several years, two convicts form a friendship, seeking consolation and, eventually, redemption through basic compassion.",142,The Shawshank Redemption,1994
United States,"Crime,Drama",,Approved,9.0,"Martin Balsam,Henry Fonda,Lee J. Cobb",The jury in a New York City murder trial is frustrated by a single member whose skeptical caution forces them to more carefully consider the evidence before jumping to a hasty verdict.,96,12 Angry Men,1957
"New Zealand,United States","Action,Adventure,Drama",,PG-13,9.0,"Elijah Wood,Ian McKellen,Viggo Mortensen",Gandalf and Aragorn lead the World of Men against Sauron's army to draw his gaze from Frodo and Sam as they approach Mount Doom with the One Ring.,201,The Lord of the Rings: The Return of the King,2003
"United States,United Kingdom","Action,Crime,Drama",,PG-13,9.0,"Aaron Eckhart,Heath Ledger,Christian Bale","When the menace known as the Joker wreaks havoc and chaos on the people of Gotham, Batman must accept one of the greatest psychological and physical tests of his ability to fight injustice.",152,The Dark Knight,2008
United States,"Crime,Drama",,R,9.0,"Robert De Niro,Robert Duvall,Al Pacino","The early life and career of Vito Corleone in 1920s New York City is portrayed, while his son, Michael, expands and tightens his grip on the family crime syndicate.",202,The Godfather Part II,1974
United States,"Crime,Drama",,R,9.2,"James Caan,Marlon Brando,Al Pacino",The aging patriarch of an organized crime dynasty in postwar New York City transfers control of his clandestine empire to his reluctant youngest son.,175,The Godfather,1972
United States,"Crime,Drama",,R,8.9,"John Travolta,Uma Thurman,Samuel L. Jackson","The lives of two mob hitmen, a boxer, a gangster and his wife, and a pair of diner bandits intertwine in four tales of violence and redemption.",154,Pulp Fiction,1994
"Italy,Spain,West Germany","Adventure,Western","Il buono, il brutto, il cattivo",Approved,8.8,"Lee Van Cleef,Eli Wallach,Clint Eastwood",A bounty hunting scam joins two men in an uneasy alliance against a third in a race to find a fortune in gold buried in a remote cemetery.,178,"The Good, the Bad and the Ugly",1966
United States,"Biography,Drama,History",,R,9.0,"Liam Neeson,Ben Kingsley,Ralph Fiennes","In German-occupied Poland during World War II, industrialist Oskar Schindler gradually becomes concerned for his Jewish workforce after witnessing their persecution by the Nazis.",195,Schindler's List,1993
"Germany,United States",Drama,,R,8.8,"Brad Pitt,Meat Loaf,Edward Norton",An insomniac office worker and a devil-may-care soap maker form an underground fight club that evolves into much more.,139,Fight Club,1999
United States,"Drama,Romance",,PG-13,8.8,"Robin Wright,Gary Sinise,Tom Hanks","The presidencies of Kennedy and Johnson, the Vietnam War, the Watergate scandal and other historical events unfold from the perspective of an Alabama man with an IQ of 75, whose only desire ...",142,Forrest Gump,1994
"United States,United Kingdom","Action,Adventure,Sci-Fi",,PG-13,8.8,"Joseph Gordon-Levitt,Leonardo DiCaprio,Elliot Page","A thief who steals corporate secrets through the use of dream-sharing technology is given the inverse task of planting an idea into the mind of a C.E.O., but his tragic past may doom the pro...",148,Inception,2010
"New Zealand,United States","Action,Adventure,Drama",,PG-13,8.8,"Elijah Wood,Ian McKellen,Orlando Bloom",A meek Hobbit from the Shire and eight companions set out on a journey to destroy the powerful One Ring and save Middle-earth from the Dark Lord Sauron.,178,The Lord of the Rings: The Fellowship of the Ring,2001
"United States,United Kingdom","Adventure,Drama,Western",,PG-13,8.0,"Graham Greene,Mary McDonnell,Kevin Costner","Lieutenant John Dunbar, assigned to a remote western Civil War outpost, finds himself engaging with a neighbouring Sioux settlement, causing him to question his own purpose.",181,Dances with Wolves,1990
"Soviet Union,Japan","Adventure,Biography,Drama",,G,8.2,"Maksim Munzuk,Mikhail Bychkov,Yuriy Solomin",The Russian army sends an explorer on an expedition to the snowy Siberian wilderness where he makes friends with a seasoned local hunter.,142,Dersu Uzala,1975
"United States,India",Drama,,PG-13,8.1,"Octavia Spencer,Viola Davis,Emma Stone","An aspiring author during the civil rights movement of the 1960s decides to write a book detailing the African American maids' point of view on the white families for which they work, and th...",146,The Help,2011
"United States,Japan","Animation,Adventure,Comedy",,G,8.0,"Linda Larkin,Scott Weinger,Robin Williams",A kindhearted street urchin and a power-hungry Grand Vizier vie for a magic lamp that has the power to make their deepest wishes come true.,90,Aladdin,1992
"United States,Denmark","Animation,Action,Adventure",,PG,8.1,"Harry Connick Jr.,Jennifer Aniston,Eli Marienthal",A young boy befriends a giant robot from outer space that a paranoid government agent wants to destroy.,86,The Iron Giant,1999
"United States,Australia","Action,Sci-Fi",,R,8.7,"Keanu Reeves,Carrie-Anne Moss,Laurence Fishburne","When a beautiful stranger leads computer hacker Neo to a forbidding underworld, he discovers the shocking truth--the life he knows is the elaborate deception of an evil cyber-intelligence.",136,The Matrix,1999
United States,"Action,Adventure,Fantasy",The Empire Strikes Back,PG,8.7,"Harrison Ford,Carrie Fisher,Mark Hamill","After the Rebels are overpowered by the Empire, Luke Skywalker begins his Jedi training with Yoda, while his friends are pursued across the galaxy by Darth Vader and bounty hunter Boba Fett.",124,Star Wars: Episode V - The Empire Strikes Back,1980
"New Zealand,United States","Action,Adventure,Drama",,PG-13,8.8,"Elijah Wood,Ian McKellen,Viggo Mortensen","While Frodo and Sam edge closer to Mordor with the help of the shifty Gollum, the divided fellowship makes a stand against Sauron's new ally, Saruman, and his hordes of Isengard.",179,The Lord of the Rings: The Two Towers,2002
United Kingdom,Comedy,,R,8.0,"Michael Palin,Graham Chapman,John Cleese","Born on the original Christmas in the stable next door to Jesus Christ, Brian of Nazareth spends his life being mistaken for a messiah.",94,Life of Brian,1979
Sweden,"Drama,Thriller",,Not Rated,8.1,"Margaretha Krook,Liv Ullmann,Bibi Andersson",A nurse is put in charge of a mute actress and finds that their personae are melding together.,83,Persona,1966
France,"Crime,Drama",Les quatre cents coups,Not Rated,8.1,"Claire Maurier,Jean-Pierre Léaud,Albert Rémy","A young boy, left without attention, delves into a life of petty crime.",99,The 400 Blows,1959
United States,"Biography,Drama,Family",,G,8.1,"Christopher Plummer,Julie Andrews,Eleanor Parker",A young novice is sent by her convent in 1930s Austria to become a governess to the seven children of a widowed naval officer.,172,The Sound of Music,1965
United States,"Drama,Film-Noir,Mystery",,Approved,8.1,"Laurence Olivier,George Sanders,Joan Fontaine",A self-conscious woman juggles adjusting to her new role as an aristocrat's wife and avoiding being intimidated by his first wife's spectral presence.,130,Rebecca,1940
United States,"Crime,Drama",,GP,8.1,"Strother Martin,George Kennedy,Paul Newman","A laid back Southern man is sentenced to two years in a rural prison, but refuses to conform.",127,Cool Hand Luke,1967
United States,"Comedy,Romance",,Passed,8.1,"Claudette Colbert,Walter Connolly,Clark Gable","A renegade reporter trailing a young runaway heiress for a big story joins her on a bus heading from Florida to New York, and they end up stuck with each other when the bus leaves them behin...",105,It Happened One Night,1934
South Korea,"Drama,Romance,Thriller",Ah-ga-ssi,Not Rated,8.1,"Cho Jin-woong,Ha Jung-woo,Kim Min-hee","A woman is hired as a handmaiden to a Japanese heiress, but secretly she is involved in a plot to defraud her.",145,The Handmaiden,2016
Mexico,"Drama,Thriller",Amores perros,R,8.1,"Gael García Bernal,Goya Toledo,Emilio Echevarría","A horrific car accident connects three stories, each involving characters dealing with loss, regret, and life's harsh realities, all in the name of love.",154,Amores Perros,2000
India,"Crime,Drama,Mystery",,TV-MA,8.8,"Lijo Mol Jose,Manikandan K.,Suriya","When a tribal man is arrested for a case of alleged theft, his wife turns to a human-rights lawyer to help bring justice.",164,Jai Bhim,2021
"Italy,Algeria","Drama,War",La battaglia di Algeri,Not Rated,8.1,"Brahim Hadjadj,Yacef Saadi,Jean Martin","In the 1950s, fear and violence escalate as the people of Algiers fight for independence from the French government.",121,The Battle of Algiers,1966
United States,"Action,Adventure,Fantasy",,PG-13,8.1,"Orlando Bloom,Geoffrey Rush,Johnny Depp","Blacksmith Will Turner teams up with eccentric pirate ""Captain"" Jack Sparrow to save his love, the governor's daughter, from Jack's former pirate allies, who are now undead.",143,Pirates of the Caribbean: The Curse of the Black Pearl,2003
India,Drama,,Not Rated,8.2,"Kanu Bannerjee,Karuna Bannerjee,Subir Banerjee","Impoverished priest Harihar Ray, dreaming of a better life for himself and his family, leaves his rural Bengal village in search of work.",125,Pather Panchali,1955
Turkey,"Drama,Family",Babam ve Oglum,Not Rated,8.2,"Hümeyra,Fikret Kuskan,Çetin Tekindor",The family of a left-wing journalist is torn apart after the military coup of Turkey in 1980.,112,My Father and My Son,2005
United States,Drama,,Passed,8.1,"Jane Darwell,Henry Fonda,John Carradine","An Oklahoma family, driven off their farm by the poverty and hopelessness of the Dust Bowl, joins the westward migration to California, suffering the misfortunes of the homeless in the Great...",129,The Grapes of Wrath,1940
France,"Crime,Drama",,Not Rated,8.1,"Vincent Cassel,Hubert Koundé,Saïd Taghmaoui",24 hours in the lives of three young men in the French suburbs the day after a violent riot.,98,La haine,1995
United States,"Comedy,Romance,War",,Passed,8.2,"Jack Benny,Carole Lombard,Robert Stack","During the Nazi occupation of Poland, an acting troupe becomes embroiled in a Polish soldier's efforts to track down a German spy.",99,To Be or Not to Be,1942
"United States,Japan","Animation,Action,Adventure",,PG,8.0,"Craig T. Nelson,Samuel L. Jackson,Holly Hunter","While trying to lead a quiet suburban life, a family of undercover superheroes are forced into action to save the world.",115,The Incredibles,2004
United States,"Comedy,Drama,Fantasy",,PG,8.0,"Bill Murray,Andie MacDowell,Chris Elliott","A narcissistic, self-centered weatherman finds himself in a time loop on Groundhog Day, and the day keeps repeating until he gets it right.",101,Groundhog Day,1993
United States,Horror,,R,8.1,"Ellen Burstyn,Linda Blair,Max von Sydow","When a 12 year old girl is possessed by a mysterious entity, her mother seeks the help of two priests to save her daughter.",122,The Exorcist,1973
"United States,France","Drama,Romance",,R,8.1,"Ethan Hawke,Vernon Dobtcheff,Julie Delpy","Nine years after Jesse and Celine first met, they encounter each other again on the French leg of Jesse's book tour.",80,Before Sunset,2004
United States,"Adventure,Family,Fantasy",,G,8.1,"Frank Morgan,Ray Bolger,Judy Garland","Young Dorothy Gale and her dog Toto are swept away by a tornado from their Kansas farm to the magical Land of Oz, and embark on a quest with three new friends to see the Wizard, who can retu...",102,The Wizard of Oz,1939
United States,"Drama,Romance,War",,Approved,8.1,"Myrna Loy,Fredric March,Dana Andrews","Three World War II veterans, two of them traumatized or disabled, return home to the American midwest to discover that they and their families have been irreparably changed.",170,The Best Years of Our Lives,1946
United States,"Adventure,Drama",,R,8.1,"Wil Wheaton,Corey Feldman,River Phoenix","After the death of one of his friends, a writer recounts a childhood journey with his friends to find the body of a missing boy.",89,Stand by Me,1986
United States,Drama,,R,8.1,"Faye Dunaway,Peter Finch,William Holden","A television network cynically exploits a deranged former anchor's ravings and revelations about the news media for its own profit, but finds that his message may be difficult to control.",121,Network,1976
United States,"Adventure,Biography,Drama",,R,8.1,"Emile Hirsch,Catherine Keener,Vince Vaughn","After graduating from Emory University, top student and athlete Christopher McCandless abandons his possessions, gives his entire $24,000 savings account to charity and hitchhikes to Alaska ...",148,Into the Wild,2007
"United Kingdom,United States","Biography,Drama,Family",,G,8.1,"Cary-Hiroyuki Tagawa,Joan Allen,Richard Gere",A college professor bonds with an abandoned dog he takes into his home.,93,Hachi: A Dog's Tale,2009
"United Kingdom,United States","Action,Biography,Drama",,R,8.1,"Olivia Wilde,Daniel Brühl,Chris Hemsworth",The merciless 1970s rivalry between Formula One rivals James Hunt and Niki Lauda.,123,Rush,2013
United States,"Action,Drama,Sci-Fi",,R,8.1,"Dafne Keen,Patrick Stewart,Hugh Jackman","In a future where mutants are nearly extinct, an elderly and weary Logan leads a quiet life. But when Laura, a mutant child pursued by scientists, comes to him for help, he must get her to s...",137,Logan,2017
"United Kingdom,United States","Action,Sci-Fi",,R,8.1,"Michael Biehn,Arnold Schwarzenegger,Linda Hamilton","A human soldier is sent from 2029 to 1984 to stop an almost indestructible cyborg killing machine, sent from the same year, which has been programmed to execute a young woman whose unborn so...",107,The Terminator,1984
United States,"Biography,Crime,Drama",,R,8.1,"Michael Keaton,Rachel McAdams,Mark Ruffalo","The true story of how the Boston Globe uncovered the massive scandal of child molestation and cover-up within the local Catholic Archdiocese, shaking the entire Catholic Church to its core.",129,Spotlight,2015
United States,"Animation,Adventure,Comedy",,G,8.1,"Lou Romano,Brad Garrett,Patton Oswalt",A rat who can cook makes an unusual alliance with a young kitchen worker at a famous Paris restaurant.,111,Ratatouille,2007
"United Kingdom,South Africa,Italy,United States","Biography,Drama,History",,PG-13,8.1,"Sophie Okonedo,Don Cheadle,Joaquin Phoenix","Paul Rusesabagina, a hotel manager, houses over a thousand Tutsi refugees during their struggle against the Hutu militia in Rwanda, Africa.",121,Hotel Rwanda,2004
France,"Biography,Drama,History",La passion de Jeanne d'Arc,Passed,8.2,"Eugene Silvain,Maria Falconetti,André Berley","In 1431, Jeanne d'Arc is placed on trial on charges of heresy. The ecclesiastical jurists attempt to force Jeanne to recant her claims of holy visions.",114,The Passion of Joan of Arc,1928
United States,"Action,Biography,Drama",,PG-13,8.1,"Jon Bernthal,Matt Damon,Christian Bale",American car designer Carroll Shelby and driver Ken Miles battle corporate interference and the laws of physics to build a revolutionary race car for Ford in order to defeat Ferrari at the 2...,152,Ford v Ferrari,2019
"United States,United Kingdom","Drama,War",,R,8.1,"Willem Dafoe,Charlie Sheen,Tom Berenger","Chris Taylor, a neophyte recruit in Vietnam, finds himself caught in a battle of wills between two sergeants, one good and the other evil. A shrewd examination of the brutality of war and th...",120,Platoon,1986
Japan,Drama,Tôkyô monogatari,Not Rated,8.2,"Chishû Ryû,Sô Yamamura,Chieko Higashiyama","An old couple visit their children and grandchildren in the city, but receive little attention.",136,Tokyo Story,1953
United States,"Drama,Sport",,PG,8.1,"Burt Young,Talia Shire,Sylvester Stallone",A small-time Philadelphia boxer gets a supremely rare chance to fight the world heavyweight champion in a bout in which he strives to go the distance for his self-respect.,120,Rocky,1976
"United States,United Kingdom","Comedy,Crime",,R,8.1,"Jeff Bridges,John Goodman,Julianne Moore","Ultimate L.A. slacker Jeff ""The Dude"" Lebowski, mistaken for a millionaire of the same name, seeks restitution for a rug ruined by debt collectors, enlisting his bowling buddies for help whi...",117,The Big Lebowski,1998
United States,"Adventure,Thriller",,PG,8.1,"Roy Scheider,Richard Dreyfuss,Robert Shaw","When a killer shark unleashes chaos on a beach community off Cape Cod, it's up to a local sheriff, a marine biologist, and an old seafarer to hunt the beast down.",124,Jaws,1975
"Ireland,Canada,United Kingdom,United States","Drama,Thriller",,R,8.1,"Sean Bridgers,Jacob Tremblay,Brie Larson","A little boy is held captive in a room with his mother since his birth, so he has never known the world outside.",118,Room,2015
"United States,France","Animation,Action,Adventure",,PG,8.1,"Gerard Butler,Christopher Mintz-Plasse,Jay Baruchel","A hapless young Viking who aspires to hunt dragons becomes the unlikely friend of a young dragon himself, and learns there may be more to the creatures than he assumed.",98,How to Train Your Dragon,2010
Sweden,"Drama,Fantasy",Det sjunde inseglet,Not Rated,8.1,"Bengt Ekerot,Gunnar Björnstrand,Max von Sydow","A knight returning to Sweden after the Crusades seeks answers about life, death, and the existence of God as he plays chess against the Grim Reaper during the Black Plague.",96,The Seventh Seal,1957
Australia,"Animation,Comedy,Drama",Mary and Max.,Not Rated,8.1,"Eric Bana,Toni Collette,Philip Seymour Hoffman","A tale of friendship between two unlikely pen pals: Mary, a lonely, eight-year-old girl living in the suburbs of Melbourne, and Max, a forty-four-year old, severely obese man living in New Y...",92,Mary and Max,2009
"United States,Japan","Animation,Adventure,Comedy",,G,8.1,"Billy Crystal,Mary Gibbs,John Goodman","In order to power the city, monsters have to scare children so that they scream. However, the children are toxic to the monsters, and after a child gets through, two monsters realize things ...",92,"Monsters, Inc.",2001
United States,"Comedy,Drama",,PG,8.1,"Ethan Hawke,Robert Sean Leonard,Robin Williams",Maverick teacher John Keating uses poetry to embolden his boarding school students to new heights of self-expression.,128,Dead Poets Society,1989
South Korea,"Crime,Drama,Mystery",Salinui chueok,Not Rated,8.1,"Song Kang-ho,Kim Sang-kyung,Roe-ha Kim","In a small Korean province in 1986, two detectives struggle with the case of multiple young women being found raped and murdered by an unknown culprit.",132,Memories of Murder,2003
"Argentina,Spain,France,United Kingdom","Comedy,Drama,Thriller",Relatos salvajes,R,8.1,"Mónica Villa,María Marull,Darío Grandinetti",Six short stories that explore the extremities of human behavior involving people in distress.,122,Wild Tales,2014
United States,"Comedy,Drama",,Passed,8.1,"Jean Arthur,James Stewart,Claude Rains","A naive youth leader is appointed to fill a vacancy in the U.S. Senate. His idealistic plans promptly collide with corruption at home and subterfuge from his hero in Washington, but he tries...",129,Mr. Smith Goes to Washington,1939
"Australia,United States,United Kingdom,China","Biography,Drama,History",,R,8.1,"Luke Bracey,Andrew Garfield,Sam Worthington","World War II American Army Medic Desmond T. Doss, who served during the Battle of Okinawa, refuses to kill people and becomes the first man in American history to receive the Medal of Honor ...",139,Hacksaw Ridge,2016
United Kingdom,"Film-Noir,Mystery,Thriller",,Approved,8.1,"Alida Valli,Joseph Cotten,Orson Welles","Pulp novelist Holly Martins travels to shadowy, postwar Vienna, only to find himself investigating the mysterious death of an old friend, Harry Lime.",93,The Third Man,1949
United States,"Action,Comedy,Romance",,Passed,8.2,"Joe Keaton,Kathryn McGuire,Buster Keaton","A film projectionist longs to be a detective, and puts his meagre skills to work when he is framed by a rival for stealing his girlfriend's father's pocketwatch.",45,Sherlock Jr.,1924
Australia,"Action,Adventure,Sci-Fi",,R,8.1,"Nicholas Hoult,Tom Hardy,Charlize Theron","In a post-apocalyptic wasteland, a woman rebels against a tyrannical ruler in search for her homeland with the aid of a group of female prisoners, a psychotic worshiper and a drifter named M...",120,Mad Max: Fury Road,2015
"France,Italy","Adventure,Drama,Thriller",Le salaire de la peur,Not Rated,8.2,"Peter van Eyck,Charles Vanel,Yves Montand","In a decrepit South American village, four men are hired to transport an urgent nitroglycerine shipment without the equipment that would make it safe.",131,The Wages of Fear,1953
"United States,United Kingdom","Drama,War",,R,8.1,"Robert De Niro,Christopher Walken,John Cazale",An in-depth examination of the ways in which the Vietnam War impacts and disrupts the lives of several friends in a small steel mill town in Pennsylvania.,183,The Deer Hunter,1978
Sweden,"Drama,Romance",Smultronstället,Not Rated,8.1,"Victor Sjöström,Bibi Andersson,Ingrid Thulin","After living a life marked by coldness, an aging professor is forced to confront the emptiness of his existence.",91,Wild Strawberries,1957
"Ireland,United Kingdom","Biography,Crime,Drama",,R,8.1,"Pete Postlethwaite,Alison Crosbie,Daniel Day-Lewis",A man's coerced confession to an I.R.A. bombing he did not commit results in the imprisonment of his father as well. An English lawyer fights to free them.,133,In the Name of the Father,1993
United States,"Crime,Drama,Thriller",,Approved,8.1,"Marlon Brando,Karl Malden,Lee J. Cobb","An ex-prize fighter turned New Jersey longshoreman struggles to stand up to his corrupt union bosses, including his older brother, as he starts to connect with the grieving sister of one of ...",108,On the Waterfront,1954
United States,"Drama,Mystery,Thriller",,R,8.1,"Ben Affleck,Rosamund Pike,Neil Patrick Harris","With his wife's disappearance having become the focus of an intense media circus, a man sees the spotlight turned on him when it's suspected that he may not be innocent.",149,Gone Girl,2014
United States,"Action,Adventure,Comedy",,Passed,8.1,"Buster Keaton,Glen Cavender,Marion Mack","After being rejected by the Confederate military, not realizing it was due to his crucial civilian role, an engineer must single-handedly recapture his beloved locomotive after it is seized ...",67,The General,1926
United States,"Adventure,Drama",,G,8.1,"Stephen Boyd,Jack Hawkins,Charlton Heston","After a Jewish prince is betrayed and sent into slavery by a Roman friend in 1st-century Jerusalem, he regains his freedom and comes back for revenge.",212,Ben-Hur,1959
"United Kingdom,United States","Adventure,Drama,War",,PG,8.1,"Ryan O'Neal,Patrick Magee,Marisa Berenson",An Irish rogue wins the heart of a rich widow and assumes her dead husband's aristocratic position in 18th-century England.,185,Barry Lyndon,1975
"United States,Germany","Adventure,Comedy,Crime",,R,8.1,"Ralph Fiennes,F. Murray Abraham,Mathieu Amalric","A writer encounters the owner of an aging high-class hotel, who tells him of his early years serving as a lobby boy in the hotel's glorious years under an exceptional concierge.",99,The Grand Budapest Hotel,2014
"United States,Austria","Drama,Romance",,R,8.1,"Ethan Hawke,Andrea Eckert,Julie Delpy","A young man and woman meet on a train in Europe, and wind up spending one evening together in Vienna. Unfortunately, both know that this will probably be their only night together.",101,Before Sunrise,1995
"United States,United Kingdom","Biography,Drama,History",,R,8.1,"Michael Kenneth Williams,Chiwetel Ejiofor,Michael Fassbender","In the antebellum United States, Solomon Northup, a free black man from upstate New York, is abducted and sold into slavery.",134,12 Years a Slave,2013
United States,"Adventure,Comedy,Drama",,Passed,8.1,"Charles Chaplin,Mack Swain,Tom Murray","A prospector goes to the Klondike during the 1890s gold rush in hopes of making his fortune, and is smitten with a girl he sees in a dance hall.",95,The Gold Rush,1925
United States,"Action,Drama,Sci-Fi",,R,8.1,"Rutger Hauer,Harrison Ford,Sean Young",A blade runner must pursue and terminate four replicants who stole a ship in space and have returned to Earth to find their creator.,117,Blade Runner,1982
"United Kingdom,United States","Adventure,Family,Fantasy",,PG-13,8.1,"Rupert Grint,Emma Watson,Daniel Radcliffe","Harry, Ron, and Hermione search for Voldemort's remaining Horcruxes in their effort to destroy the Dark Lord as the final battle rages on at Hogwarts.",130,Harry Potter and the Deathly Hallows: Part 2,2011
Japan,"Animation,Comedy,Family",Tonari no Totoro,G,8.1,"Chika Sakamoto,Hitoshi Takagi,Noriko Hidaka","When two girls move to the country to be near their ailing mother, they have adventures with the wondrous forest spirits who live nearby.",86,My Neighbor Totoro,1988
Iran,"Drama,Family,Sport",Bacheha-Ye aseman,PG,8.2,"Amir Farrokh Hashemian,Bahare Seddiqi,Mohammad Amir Naji","After a boy loses his sister's pair of shoes, he goes on a series of adventures in order to find them. When he can't, he tries a new way to ""win"" a new pair.",89,Children of Heaven,1997
"United States,Canada","Biography,Crime,Drama",,PG-13,8.1,"Christopher Walken,Leonardo DiCaprio,Tom Hanks","Barely 21 yet, Frank is a skilled forger who has passed as a doctor, lawyer and pilot. FBI agent Carl becomes obsessed with tracking down the con man, who only revels in the pursuit.",141,Catch Me If You Can,2002
"Spain,United Kingdom,United States","Animation,Adventure,Comedy",,PG,8.2,"J.K. Simmons,Rashida Jones,Jason Schwartzman","A simple act of kindness always sparks another, even in a frozen, faraway place. When Smeerensburg's new postman, Jesper, befriends toymaker Klaus, their gifts melt an age-old feud and deliv...",96,Klaus,2019
United States,"Drama,Sport",,PG-13,8.1,"Hilary Swank,Morgan Freeman,Clint Eastwood",A determined woman works with a hardened boxing trainer to become a professional.,132,Million Dollar Baby,2004
United States,"Action,Drama,Sport",,PG-13,8.2,"Nick Nolte,Tom Hardy,Joel Edgerton","The youngest son of an alcoholic former boxer returns home, where he's trained by his father for competition in a mixed martial arts tournament - a path that puts the fighter on a collision ...",140,Warrior,2011
"United States,United Kingdom","Crime,Thriller",,R,8.1,"William H. Macy,Steve Buscemi,Frances McDormand",Minnesota car salesman Jerry Lundegaard's inept crime falls apart due to his and his henchmen's bungling and the persistent police work of the quite pregnant Marge Gunderson.,98,Fargo,1996
United States,"Crime,Drama,Mystery",,R,8.1,"Jake Gyllenhaal,Viola Davis,Hugh Jackman","When Keller Dover's daughter and her friend go missing, he takes matters into his own hands as the police pursue multiple leads and the pressure mounts.",153,Prisoners,2013
"United States,Germany","Action,Crime,Thriller",,R,8.2,"Keanu Reeves,George Georgiou,Laurence Fishburne","John Wick uncovers a path to defeating The High Table. But before he can earn his freedom, Wick must face off against a new enemy with powerful alliances across the globe and forces that tur...",169,John Wick: Chapter 4,2023
"United Kingdom,United States","Adventure,Drama,War",,PG,8.1,"Jack Hawkins,Alec Guinness,William Holden","British POWs are forced to build a railway bridge across the river Kwai for their Japanese captors in occupied Burma, not knowing that the allied forces are planning a daring commando raid t...",161,The Bridge on the River Kwai,1957
"United Kingdom,United States","Comedy,Crime,Drama",,R,8.1,"Sam Rockwell,Woody Harrelson,Frances McDormand",A mother personally challenges the local authorities to solve her daughter's murder when they fail to catch the culprit.,115,"Three Billboards Outside Ebbing, Missouri",2017
Japan,"Animation,Adventure,Family",Hauru no ugoku shiro,PG,8.2,"Takuya Kimura,Chieko Baisho,Tatsuya Gashûin","When an unconfident young woman is cursed with an old body by a spiteful witch, her only chance of breaking the spell lies with a self-indulgent yet insecure young wizard and his companions ...",119,Howl's Moving Castle,2004
United Kingdom,Drama,,R,8.1,"Ewen Bremner,Jonny Lee Miller,Ewan McGregor","Renton, deeply immersed in the Edinburgh drug scene, tries to clean up and get out, despite the allure of the drugs and influence of friends.",93,Trainspotting,1996
United Kingdom,"Action,Comedy,Crime",,R,8.1,"Jason Flemyng,Nick Moran,Dexter Fletcher","Eddy persuades his three pals to pool money for a vital poker game against a powerful local mobster, Hatchet Harry. Eddy loses, after which Harry gives him a week to pay back 500,000 pounds.",107,"Lock, Stock and Two Smoking Barrels",1998
United States,"Crime,Thriller",,PG,8.2,"Robert Cummings,Grace Kelly,Ray Milland",A former tennis star arranges the murder of his adulterous wife.,105,Dial M for Murder,1954
"Argentina,Spain","Drama,Mystery,Romance",El secreto de sus ojos,R,8.2,"Pablo Rago,Soledad Villamil,Ricardo Darín",A retired legal counselor writes a novel hoping to find closure for one of his past unresolved homicide cases and for his unreciprocated love with his superior - both of which still haunt hi...,129,The Secret in Their Eyes,2009
United States,"Drama,Romance,War",,Passed,8.2,"Thomas Mitchell,Vivien Leigh,Clark Gable",American motion picture classic in which a manipulative woman and a roguish man conduct a turbulent romance during the Civil War and Reconstruction periods.,238,Gone with the Wind,1939
"United States,United Kingdom,Germany","Action,Drama,Sci-Fi",,R,8.2,"Natalie Portman,Hugo Weaving,Rupert Graves","In a future British dystopian society, a shadowy freedom fighter, known only by the alias of ""V"", plots to overthrow the tyrannical government - with the help of a young woman.",132,V for Vendetta,2005
"United States,Japan","Animation,Adventure,Comedy",,PG,8.1,"Bill Hader,Amy Poehler,Lewis Black","After young Riley is uprooted from her Midwest life and moved to San Francisco, her emotions - Joy, Fear, Anger, Disgust and Sadness - conflict on how best to navigate a new city, house, and...",95,Inside Out,2015
"Germany,United States",Drama,,R,8.1,"Christopher Carley,Bee Vang,Clint Eastwood","After a Hmong teenager tries to steal his prized 1972 Gran Torino, a disgruntled, prejudiced Korean War veteran seeks to redeem both the boy and himself.",116,Gran Torino,2008
United States,"Biography,Drama,Sport",,R,8.1,"Joe Pesci,Robert De Niro,Cathy Moriarty","The life of boxer Jake LaMotta, whose violence and temper that led him to the top in the ring destroyed his life outside of it.",129,Raging Bull,1980
United States,"Drama,Mystery,Thriller",,R,8.2,"Faye Dunaway,John Huston,Jack Nicholson","A private detective hired to expose an adulterer in 1930s Los Angeles finds himself caught up in a web of deceit, corruption, and murder.",130,Chinatown,1974
"United States,United Kingdom","Biography,Drama",,PG,8.2,"Anne Bancroft,John Hurt,Anthony Hopkins","A Victorian surgeon rescues a heavily disfigured man who is mistreated while scraping a living as a side-show freak. Behind his monstrous façade, there is revealed a person of kindness, inte...",124,The Elephant Man,1980
"United States,Japan","Animation,Adventure,Comedy",,G,8.2,"Albert Brooks,Ellen DeGeneres,Alexander Gould","After his son is captured in the Great Barrier Reef and taken to Sydney, a timid clownfish sets out on a journey to bring him home.",100,Finding Nemo,2003
United States,"Action,Adventure,Fantasy",,PG-13,8.2,"Tom Holland,Zendaya,Benedict Cumberbatch","With Spider-Man's identity now revealed, Peter asks Doctor Strange for help. When a spell goes wrong, dangerous foes from other worlds start to appear, forcing Peter to discover what it trul...",148,Spider-Man: No Way Home,2021
United States,"Adventure,Drama,History",,Approved,8.2,"Richard Attenborough,James Garner,Steve McQueen",Allied prisoners of war plan for several hundred of their number to escape from a German camp during World War II.,172,The Great Escape,1963
Japan,"Crime,Drama,Mystery",Rashômon,Not Rated,8.2,"Machiko Kyô,Masayuki Mori,Toshirô Mifune","The rape of a bride and the murder of her samurai husband are recalled from the perspectives of a bandit, the bride, the samurai's ghost and a woodcutter.",88,Rashomon,1950
"United States,Canada","Horror,Mystery,Sci-Fi",,R,8.2,"Wilford Brimley,Kurt Russell,Keith David",A research team in Antarctica is hunted by a shape-shifting alien that assumes the appearance of its victims.,109,The Thing,1982
United States,"Adventure,Drama,Western",,Passed,8.2,"Walter Huston,Humphrey Bogart,Tim Holt",Two down-on-their-luck Americans searching for work in 1920s Mexico convince an old prospector to help them mine for gold in the Sierra Madre Mountains.,126,The Treasure of the Sierra Madre,1948
United States,"Action,Adventure,Sci-Fi",,PG-13,8.2,"Jeff Goldblum,Laura Dern,Sam Neill",A pragmatic paleontologist touring an almost complete theme park on an island in Central America is tasked with protecting a couple of kids after a power failure causes the park's cloned din...,127,Jurassic Park,1993
United States,"Action,Crime,Drama",,R,8.2,"Uma Thurman,Daryl Hannah,David Carradine","After awakening from a four-year coma, a former assassin wreaks vengeance on the team of assassins who betrayed her.",111,Kill Bill: Vol. 1,2003
Japan,"Action,Drama,Thriller",Yôjinbô,Not Rated,8.2,"Eijirô Tôno,Tatsuya Nakadai,Toshirô Mifune",A crafty ronin comes to a town divided by two criminal gangs and decides to play them against each other to free the town.,110,Yojimbo,1961
United Kingdom,"Adventure,Comedy,Fantasy",,PG,8.2,"Eric Idle,Graham Chapman,John Cleese","King Arthur and his Knights of the Round Table embark on a surreal, low-budget search for the Holy Grail, encountering many, very silly obstacles.",91,Monty Python and the Holy Grail,1975
United States,"Biography,Drama",,PG-13,8.2,"Jennifer Connelly,Russell Crowe,Ed Harris","After John Nash, a brilliant but asocial mathematician, accepts secret work in cryptography, his life takes a turn for the nightmarish.",135,A Beautiful Mind,2001
United States,"Drama,Western",,R,8.2,"Gene Hackman,Morgan Freeman,Clint Eastwood","Retired Old West gunslinger William Munny reluctantly takes on one last job, with the help of his old partner Ned Logan and a young man, The ""Schofield Kid.""",130,Unforgiven,1992
United States,"Crime,Drama,Thriller",,R,8.2,"Tommy Lee Jones,Javier Bardem,Josh Brolin",Violence and mayhem ensue after a hunter stumbles upon a drug deal gone wrong and more than two million dollars in cash near the Rio Grande.,122,No Country for Old Men,2007
United States,Drama,,R,8.2,"Ciarán Hinds,Paul Dano,Daniel Day-Lewis","A story of family, religion, hatred, oil and madness, focusing on a turn-of-the-century prospector in the early days of the business.",158,There Will Be Blood,2007
United States,"Mystery,Thriller",,R,8.2,"Emily Mortimer,Leonardo DiCaprio,Mark Ruffalo","In 1954, a U.S. Marshal investigates the disappearance of a murderer who escaped from a hospital for the criminally insane.",138,Shutter Island,2010
United States,"Drama,Mystery,Thriller",,PG-13,8.2,"Bruce Willis,Haley Joel Osment,Toni Collette","A frightened, withdrawn Philadelphia boy who communicates with spirits seeks the help of a disheartened child psychologist.",107,The Sixth Sense,1999
United States,"Comedy,Drama",,PG,8.2,"Laura Linney,Jim Carrey,Ed Harris",An insurance salesman discovers his whole life is actually a reality TV show.,103,The Truman Show,1998
United States,"Drama,War",,Approved,8.3,"Spencer Tracy,Burt Lancaster,Richard Widmark","In 1948, an American court in occupied Germany tries four Nazis judged for war crimes.",179,Judgment at Nuremberg,1961
"United States,China","Biography,Comedy,Drama",,PG-13,8.2,"Linda Cardellini,Mahershala Ali,Viggo Mortensen",A working-class Italian-American bouncer becomes the driver for an African-American classical pianist on a tour of venues through the 1960s American South.,130,Green Book,2018
"Japan,France","Action,Drama,War",,R,8.2,"Tatsuya Nakadai,Akira Terao,Jinpachi Nezu","In Medieval Japan, an elderly warlord retires, handing over his empire to his three sons. However, he vastly underestimates how the new-found power will corrupt them and cause them to turn o...",162,Ran,1985
"Mexico,Spain","Drama,Fantasy,War",El laberinto del fauno,R,8.2,"Ivana Baquero,Ariadna Gil,Sergi López","In the Falangist Spain of 1944, the bookish young stepdaughter of a sadistic army officer escapes into an eerie but captivating fantasy world.",118,Pan's Labyrinth,2006
United States,"Biography,Comedy,Crime",,R,8.2,"Margot Robbie,Jonah Hill,Leonardo DiCaprio","Based on the true story of Jordan Belfort, from his rise to a wealthy stock-broker living the high life to his fall involving crime, corruption and the federal government.",180,The Wolf of Wall Street,2013
United States,Drama,,Passed,8.2,"Bette Davis,Anne Baxter,George Sanders",A seemingly timid but secretly ruthless ingénue insinuates herself into the lives of an aging Broadway star and her circle of theater friends.,138,All About Eve,1950
"United Kingdom,France,United States","Drama,Mystery",,PG-13,8.2,"Mark Gatiss,Olivia Colman,Anthony Hopkins","A man refuses all assistance from his daughter as he ages. As he tries to make sense of his changing circumstances, he begins to doubt his loved ones, his own mind and even the fabric of his...",97,The Father,2020
United States,"Comedy,Drama,Family",,Passed,8.3,"Charles Chaplin,Jackie Coogan,Edna Purviance","The Tramp cares for an abandoned child, but events put their relationship in jeopardy.",68,The Kid,1921
United States,"Comedy,Music,Romance",,Passed,8.2,"Tony Curtis,Marilyn Monroe,Jack Lemmon","After two male musicians witness a mob hit, they flee the state in an all-female band disguised as women, but further complications set in.",121,Some Like It Hot,1959
"United States,France","Crime,Drama",,R,8.2,"Joe Pesci,Robert De Niro,Sharon Stone","A tale of greed, deception, money, power, and murder occur between two best friends: a mafia enforcer and a casino executive compete against each other over a gambling empire, and over a fas...",178,Casino,1995
"India,United States","Biography,Drama,Sport",,Not Rated,8.3,"Fatima Sana Shaikh,Sakshi Tanwar,Aamir Khan",Former wrestler Mahavir Singh Phogat and his two wrestler daughters struggle towards glory at the Commonwealth Games in the face of societal oppression.,161,Dangal,2016
"Italy,Spain,West Germany",Western,Per qualche dollaro in più,R,8.2,"Gian Maria Volontè,Lee Van Cleef,Clint Eastwood",Two bounty hunters with the same intentions team up to track down an escaped Mexican outlaw.,132,For a Few Dollars More,1965
"United States,United Kingdom","Action,Crime,Drama",,PG-13,8.2,"Michael Caine,Ken Watanabe,Christian Bale","After training with his mentor, Batman begins his fight to free crime-ridden Gotham City from corruption.",140,Batman Begins,2005
India,"Drama,Family",Taare Zameen Par,PG,8.3,"Darsheel Safary,Tanay Chheda,Aamir Khan","An eight-year-old boy is thought to be a lazy trouble-maker, until the new art teacher has the patience and compassion to discover the real problem behind his struggles in school.",165,Like Stars on Earth,2007
"United Kingdom,United States,India,Spain","Action,Drama,War",,R,8.2,"George MacKay,Daniel Mays,Dean-Charles Chapman","April 6th, 1917. As an infantry battalion assembles to wage war deep in enemy territory, two soldiers are assigned to race against time and deliver a message that will stop 1,600 men from wa...",119,1917,2019
United States,"Action,Drama",,PG-13,8.3,"Miles Teller,Tom Cruise,Jennifer Connelly","After thirty years, Maverick is still pushing the envelope as a top naval aviator, but must confront ghosts of his past when he leads TOP GUN's elite graduates on a mission that demands the ...",130,Top Gun: Maverick,2022
"Germany,Austria,Italy","Biography,Drama,History",Der Untergang,R,8.2,"Bruno Ganz,Ulrich Matthes,Alexandra Maria Lara","Traudl Junge, the final secretary for Adolf Hitler, tells of the Nazi dictator's final days in his Berlin bunker at the end of WWII.",156,Downfall,2004
Italy,Drama,Ladri di biciclette,Not Rated,8.3,"Lamberto Maggiorani,Lianella Carell,Enzo Staiola","In post-war Italy, a working-class man's bicycle is stolen, endangering his efforts to find work. He and his son set out to find it.",89,Bicycle Thieves,1948
United States,"Action,Thriller",,R,8.2,"Bruce Willis,Bonnie Bedelia,Alan Rickman,Fox Plaza - 2121 Avenue of the Stars, Century City, Los Angeles, California, USA",A New York City police officer tries to save his estranged wife and several others taken hostage by terrorists during a Christmas party at the Nakatomi Plaza in Los Angeles.,132,Die Hard,1988
"United Kingdom,United States","Comedy,Crime",,R,8.2,"Jason Statham,Stephen Graham,Brad Pitt","Unscrupulous boxing promoters, violent bookmakers, a Russian gangster, incompetent amateur robbers and supposedly Jewish jewelers fight to track down a priceless stolen diamond.",102,Snatch,2000
United States,"Crime,Drama",,R,8.2,"Robert De Niro,Cybill Shepherd,Jodie Foster","A mentally unstable veteran works as a nighttime taxi driver in New York City, where the perceived decadence and sleaze fuels his urge for violent action.",114,Taxi Driver,1976
United States,"Action,Adventure",,PG-13,8.2,"Alison Doody,Sean Connery,Harrison Ford","In 1938, after his father goes missing while pursuing the Holy Grail, Indiana Jones finds himself up against the Nazis again to stop them from obtaining its powers.",127,Indiana Jones and the Last Crusade,1989
"Iran,France,Australia",Drama,Jodaeiye Nader az Simin,PG-13,8.3,"Payman Maadi,Leila Hatami,Sareh Bayat",A married couple are faced with a difficult decision - to improve the life of their child by moving to another country or to stay in Iran and look after a deteriorating parent who has Alzhei...,123,A Separation,2011
United States,"Crime,Drama,Mystery",,R,8.2,"Russell Crowe,Kevin Spacey,Guy Pearce","As corruption grows in 1950s Los Angeles, three policemen - one strait-laced, one brutal, and one sleazy - investigate a series of murders with their own brand of justice.",138,L.A. Confidential,1997
Germany,"Drama,Sci-Fi",,Not Rated,8.3,"Brigitte Helm,Alfred Abel,Gustav Fröhlich","In a futuristic city sharply divided between the working class and the city planners, the son of the city's mastermind falls in love with a working-class prophet who predicts the coming of a...",153,Metropolis,1927
United States,"Comedy,Crime,Drama",,PG,8.3,"Robert Redford,Robert Shaw,Paul Newman",Two grifters team up to pull off the ultimate con.,129,The Sting,1973
United States,"Crime,Drama",,Approved,8.3,"Frank Overton,Gregory Peck,John Megna","Atticus Finch, a widowed lawyer in Depression-era Alabama, defends a Black man against an undeserved rape charge, and tries to educate his young children against prejudice.",129,To Kill a Mockingbird,1962
United States,"Action,Crime,Drama",,R,8.3,"Robert De Niro,Val Kilmer,Al Pacino",A group of high-end professional thieves start to feel the heat from the LAPD when they unknowingly leave a clue at their latest heist.,170,Heat,1995
United States,"Biography,Drama,History",,PG-13,8.3,"Lin-Manuel Miranda,Phillipa Soo,Leslie Odom Jr.","The real life of one of America's foremost founding fathers and first Secretary of the Treasury, Alexander Hamilton. Captured live on Broadway from the Richard Rodgers Theater with the origi...",160,Hamilton,2020
"United States,Japan","Animation,Adventure,Comedy",,PG,8.3,"Jordan Nagai,John Ratzenberger,Edward Asner","78-year-old Carl Fredricksen travels to Paradise Falls in his house equipped with balloons, inadvertently taking a young stowaway.",96,Up,2009
"United Kingdom,United States","Crime,Sci-Fi",,X,8.3,"Michael Bates,Patrick Magee,Malcolm McDowell","In the future, a sadistic gang leader is imprisoned and volunteers for a conduct-aversion experiment, but it doesn't go as planned.",136,A Clockwork Orange,1971
"United Kingdom,United States","Drama,War",,R,8.3,"R. Lee Ermey,Vincent D'Onofrio,Matthew Modine",A pragmatic U.S. Marine observes the dehumanizing effects the Vietnam War has on his fellow recruits from their brutal boot camp training to the bloody street fighting in Hue.,116,Full Metal Jacket,1987
United States,"Crime,Drama",,R,8.3,"Steven Bauer,Al Pacino,Michelle Pfeiffer","In 1980 Miami, a determined Cuban immigrant takes over a drug cartel and succumbs to greed.",170,Scarface,1983
United States,"Mystery,Romance,Thriller",,PG,8.3,"Barbara Bel Geddes,James Stewart,Kim Novak","A former San Francisco police detective juggles wrestling with his personal demons and becoming obsessed with the hauntingly beautiful woman he has been hired to trail, who may be deeply dis...",128,Vertigo,1958
United States,"Crime,Drama,Film-Noir",,Passed,8.3,"Fred MacMurray,Barbara Stanwyck,Edward G. Robinson","A Los Angeles insurance representative lets an alluring housewife seduce him into a scheme of insurance fraud and murder that arouses the suspicion of his colleague, an insurance investigato...",107,Double Indemnity,1944
"France,Germany","Comedy,Romance",Le fabuleux destin d'Amélie Poulain,R,8.3,"Mathieu Kassovitz,Audrey Tautou,Rufus","Amélie is an innocent and naive girl in Paris with her own sense of justice. She decides to help those around her and, along the way, discovers love.",122,Amélie,2001
"Canada,France","Drama,Mystery",,R,8.3,"Mélissa Désormeaux-Poulin,Maxim Gaudette,Lubna Azabal",Twins journey to the Middle East to discover their family history and fulfill their mother's last wishes.,131,Incendies,2010
Japan,Drama,,Not Rated,8.3,"Takashi Shimura,Nobuo Kaneko,Shin'ichi Himori",A bureaucrat tries to find meaning in his life after he discovers he has terminal cancer.,143,Ikiru,1952
United States,"Comedy,Drama,Romance",,Approved,8.3,"Jack Lemmon,Fred MacMurray,Shirley MacLaine","A Manhattan insurance clerk tries to rise in his company by letting its executives use his apartment for trysts, but complications and a romance of his own ensue.",125,The Apartment,1960
United States,"Action,Adventure,Mystery",,Approved,8.3,"James Mason,Cary Grant,Eva Marie Saint","A New York City advertising executive goes on the run after being mistaken for a government agent by a group of foreign spies, and falls for a woman whose loyalties he begins to doubt.",136,North by Northwest,1959
Germany,"Crime,Mystery,Thriller",M - Eine Stadt sucht einen Mörder,Passed,8.3,"Peter Lorre,Ellen Widmann,Inge Landgut","When the police in a German city are unable to catch a child-murderer, other criminals join in the manhunt.",99,M,1931
"Denmark,Sweden",Drama,Jagten,R,8.3,"Annika Wedderkopp,Thomas Bo Larsen,Mads Mikkelsen","A teacher lives a lonely life, all the while struggling over his son's custody. His life slowly gets better as he finds love and receives good news from his son, but his new luck is about to...",115,The Hunt,2012
United Kingdom,"Adventure,Biography,Drama",,Approved,8.3,"Alec Guinness,Anthony Quinn,Peter O'Toole","The story of T.E. Lawrence, the English officer who successfully united and led the diverse, often warring, Arab tribes during World War I in order to fight the Turks.",218,Lawrence of Arabia,1962
United States,"Drama,Romance,Sci-Fi",,R,8.3,"Kate Winslet,Tom Wilkinson,Jim Carrey","When their relationship turns sour, a couple undergoes a medical procedure to have each other erased from their memories for ever.",108,Eternal Sunshine of the Spotless Mind,2004
United States,"Drama,Mystery",,PG,8.3,"Dorothy Comingore,Joseph Cotten,Orson Welles","Following the death of publishing tycoon Charles Foster Kane, reporters scramble to uncover the meaning of his final utterance: 'Rosebud.'",119,Citizen Kane,1941
United States,"Crime,Thriller",,R,8.3,"Harvey Keitel,Michael Madsen,Tim Roth","When a simple jewelry heist goes horribly wrong, the surviving criminals begin to suspect that one of them is a police informant.",99,Reservoir Dogs,1992
Soviet Union,"Drama,Thriller,War",Idi i smotri,Not Rated,8.4,"Aleksey Kravchenko,Liubomiras Laucevicius,Olga Mironova","After finding an old rifle, a young boy joins the Soviet resistance movement against ruthless German forces and experiences the horrors of World War II.",142,Come and See,1985
"United Kingdom,United States","Adventure,Sci-Fi",,G,8.3,"Keir Dullea,Gary Lockwood,William Sylvester","After uncovering a mysterious artifact buried beneath the Lunar surface, a spacecraft is sent to Jupiter to find its origins - a spacecraft manned by two men and the supercomputer H.A.L. 900...",149,2001: A Space Odyssey,1968
"Lebanon,France,Cyprus,Qatar,United Kingdom",Drama,Capharnaüm,R,8.4,"Boluwatife Treasure Bankole,Zain Al Rafeea,Yordanos Shiferaw","While serving a five-year sentence for a violent crime, a 12-year-old boy sues his parents for neglect.",126,Capernaum,2018
Japan,"Crime,Drama,Mystery",Tengoku to jigoku,Not Rated,8.4,"Tatsuya Nakadai,Yutaka Sada,Toshirô Mifune",An executive of a Yokohama shoe company becomes a victim of extortion when his chauffeur's son is kidnapped by mistake and held for ransom.,143,High and Low,1963
United States,"Action,Adventure,Fantasy",,PG,8.3,"Harrison Ford,Carrie Fisher,Mark Hamill","After rescuing Han Solo from Jabba the Hutt, the Rebels attempt to destroy the second Death Star, while Luke struggles to help Darth Vader back from the dark side.",131,Star Wars: Episode VI - Return of the Jedi,1983
United States,"Comedy,Musical,Romance",,G,8.3,"Donald O'Connor,Gene Kelly,Debbie Reynolds",A silent film star falls for a chorus girl just as he and his delusionally jealous screen partner are trying to make the difficult transition to talking pictures in 1920s Hollywood.,103,Singin' in the Rain,1952
"United States,Japan","Animation,Adventure,Comedy",,G,8.3,"Joan Cusack,Tom Hanks,Tim Allen","The toys are mistakenly delivered to a day-care center instead of the attic right before Andy leaves for college, and it's up to Woody to convince the other toys that they weren't abandoned ...",103,Toy Story 3,2010
United States,Drama,,Unrated,8.3,"Ellen Burstyn,Jared Leto,Jennifer Connelly",The drug-induced utopias of four Coney Island people are shattered when their addictions run deep.,102,Requiem for a Dream,2000
Japan,"Animation,Drama,Fantasy",Kimi no na wa.,TV-PG,8.4,"Mone Kamishiraishi,Ryunosuke Kamiki,Ryo Narita","Two strangers find themselves linked in a bizarre way. When a connection forms, will distance be the only thing to keep them apart?",106,Your Name.,2016
"Italy,United States","Crime,Drama",,R,8.3,"Elizabeth McGovern,Robert De Niro,James Woods","A former Prohibition-era Jewish gangster returns to the Lower East Side of Manhattan 35 years later, where he must once again confront the ghosts and regrets of his old life.",229,Once Upon a Time in America,1984
United States,"Drama,Romance",,R,8.3,"Ben Affleck,Matt Damon,Robin Williams","Will Hunting, a janitor at M.I.T., has a gift for mathematics, but needs help from a psychologist to find direction in his life.",126,Good Will Hunting,1997
"West Germany,Italy,France,United Kingdom","Drama,War",,1981,8.4,"Jürgen Prochnow,Klaus Wennemann,Herbert Grönemeyer",A German U-boat stalks the frigid waters of the North Atlantic as its young crew experience the sheer terror and claustrophobic life of a submariner in World War II.,149,Das Boot,1981
India,"Comedy,Drama",,PG-13,8.4,"Madhavan,Mona Singh,Aamir Khan","Two friends are searching for their long lost companion. They revisit their college days and recall the memories of their friend who inspired them to think differently, even as the rest of t...",170,3 Idiots,2009
Japan,"Animation,Action,Adventure",Mononoke-hime,PG-13,8.3,"Yuriko Ishida,Yôji Matsuda,Yûko Tanaka","On a journey to find the cure for a Tatarigami's curse, Ashitaka finds himself in the middle of a war between the forest gods and Tatara, a mining colony. In this quest he also meets San, th...",134,Princess Mononoke,1997
United States,"Action,Adventure,Drama",,PG-13,8.4,"Robert Downey Jr.,Chris Evans,Mark Ruffalo","After the devastating events of Avengers: Infinity War (2018), the universe is in ruins. With the help of remaining allies, the Avengers assemble once more in order to reverse Thanos' action...",181,Avengers: Endgame,2019
"United States,Canada","Crime,Drama,Thriller",,R,8.4,"Joaquin Phoenix,Robert De Niro,Zazie Beetz","The rise of Arthur Fleck, from aspiring stand-up comedian and pariah to Gotham's clown prince and leader of the revolution.",122,Joker,2019
"United States,Japan","Animation,Adventure,Comedy",,PG,8.4,"Gael García Bernal,Benjamin Bratt,Anthony Gonzalez","Aspiring musician Miguel, confronted with his family's ancestral ban on music, enters the Land of the Dead to find his great-great-grandfather, a legendary singer.",105,Coco,2017
United States,"Biography,Drama,History",,R,8.4,"Sophie Marceau,Mel Gibson,Patrick McGoohan",Scottish warrior William Wallace leads his countrymen in a rebellion to free his homeland from the tyranny of King Edward I of England.,178,Braveheart,1995
South Korea,"Action,Drama,Mystery",Oldeuboi,R,8.4,"Choi Min-sik,Yoo Ji-tae,Kang Hye-jeong","After being kidnapped and imprisoned for fifteen years, Oh Dae-Su is released, only to find that he must find his captor in five days.",120,Oldboy,2003
"United States,France,Italy","Biography,Drama,Music",,PG,8.4,"Tom Hulce,F. Murray Abraham,Elizabeth Berridge","The life, success and troubles of Wolfgang Amadeus Mozart, as told by Antonio Salieri, the contemporaneous composer who was deeply jealous of Mozart's talent and claimed to have murdered him...",160,Amadeus,1984
"Germany,United States","Adventure,Drama,War",,R,8.3,"Brad Pitt,Eli Roth,Diane Kruger","In Nazi-occupied France during World War II, a plan to assassinate Nazi leaders by a group of Jewish U.S. soldiers coincides with a theatre owner's vengeful plans for the same.",153,Inglourious Basterds,2009
"United States,Japan","Animation,Adventure,Comedy",,G,8.3,"Don Rickles,Tom Hanks,Tim Allen",A cowboy doll is profoundly threatened and jealous when a new spaceman action figure supplants him as top toy in a boy's bedroom.,81,Toy Story,1995
United States,Drama,,R,8.4,"Thora Birch,Kevin Spacey,Annette Bening",A sexually frustrated suburban father has a mid-life crisis after becoming infatuated with his daughter's best friend.,122,American Beauty,1999
"Canada,United States","Animation,Action,Adventure",,PG,8.4,"Jake Johnson,Hailee Steinfeld,Shameik Moore","Teen Miles Morales becomes the Spider-Man of his universe, and must join with five spider-powered individuals from other dimensions to stop a threat for all realities.",117,Spider-Man: Into the Spider-Verse,2018
United States,"Crime,Drama,Mystery",,Approved,8.4,"Marlene Dietrich,Tyrone Power,Charles Laughton",A veteran British barrister must defend his client in a murder trial that has surprise after surprise.,116,Witness for the Prosecution,1957
"United Kingdom,United States","Action,Adventure,Sci-Fi",,R,8.4,"Michael Biehn,Carrie Henn,Sigourney Weaver","Decades after surviving the Nostromo incident, Ellen Ripley is sent out to re-establish contact with a terraforming colony but finds herself battling the Alien Queen and her offspring.",137,Aliens,1986
"United Kingdom,United States","Comedy,War",,PG,8.4,"George C. Scott,Sterling Hayden,Peter Sellers","An insane American general orders a bombing attack on the Soviet Union, triggering a path to nuclear holocaust that a war room full of politicians and generals frantically tries to stop.",95,Dr. Strangelove or: How I Learned to Stop Worrying and Love the Bomb,1964
"United Kingdom,United States","Drama,Horror",,R,8.4,"Shelley Duvall,Danny Lloyd,Jack Nicholson","A family heads to an isolated hotel for the winter where a sinister presence influences the father into violence, while his psychic son sees horrific forebodings from both past and future.",146,The Shining,1980
United States,"Comedy,Drama,War",,G,8.4,"Charles Chaplin,Jack Oakie,Paulette Goddard",Dictator Adenoid Hynkel tries to expand his empire while a poor Jewish barber tries to avoid persecution from Hynkel's regime.,125,The Great Dictator,1940
United States,"Action,Adventure,Sci-Fi",,PG-13,8.4,"Robert Downey Jr.,Mark Ruffalo,Chris Hemsworth",The Avengers and their allies must be willing to sacrifice all in an attempt to defeat the powerful Thanos before his blitz of devastation and ruin puts an end to the universe.,149,Avengers: Infinity War,2018
"United States,United Kingdom","Action,Drama,Thriller",,PG-13,8.4,"Anne Hathaway,Tom Hardy,Christian Bale","Eight years after the Joker's reign of chaos, Batman is coerced out of exile with the assistance of the mysterious Selina Kyle in order to defend Gotham City from the vicious guerrilla terro...",164,The Dark Knight Rises,2012
United States,"Drama,War",,Approved,8.4,"Ralph Meeker,Adolphe Menjou,Kirk Douglas","After refusing to attack an enemy position, a general accuses the soldiers of cowardice and their commanding officer must defend them.",88,Paths of Glory,1957
"Germany,France","Drama,Mystery,Thriller",Das Leben der Anderen,R,8.4,"Ulrich Mühe,Martina Gedeck,Sebastian Koch","In 1984 East Berlin, an agent of the secret police, conducting surveillance on a writer and his lover, finds himself becoming increasingly absorbed by their lives.",137,The Lives of Others,2006
United States,"Drama,Film-Noir",,Passed,8.4,"Gloria Swanson,William Holden,Erich von Stroheim",A screenwriter develops a dangerous relationship with a faded film star determined to make a triumphant return.,110,Sunset Blvd.,1950
"United States,Japan","Animation,Adventure,Family",,G,8.4,"Ben Burtt,Elissa Knight,Jeff Garlin","In the distant future, a small waste-collecting robot inadvertently embarks on a space journey that will ultimately decide the fate of mankind.",98,WALL·E,2008
"United Kingdom,United States","Horror,Sci-Fi",,R,8.5,"Tom Skerritt,John Hurt,Sigourney Weaver",The crew of a commercial spacecraft encounter a deadly lifeform after investigating an unknown transmission.,117,Alien,1979
United States,"Action,Adventure",,PG,8.4,"Harrison Ford,Paul Freeman,Karen Allen","In 1936, archaeologist and adventurer Indiana Jones is hired by the U.S. government to find the Ark of the Covenant before the Nazis can obtain its awesome powers.",115,Raiders of the Lost Ark,1981
United States,"Mystery,Thriller",,R,8.4,"Joe Pantoliano,Guy Pearce,Carrie-Anne Moss",A man with short-term memory loss attempts to track down his wife's murderer.,113,Memento,2000
United States,"Drama,Western",,R,8.4,"Jamie Foxx,Leonardo DiCaprio,Christoph Waltz","With the help of a German bounty-hunter, a freed slave sets out to rescue his wife from a brutal plantation owner in Mississippi.",165,Django Unchained,2012
United States,"Mystery,Thriller",,PG,8.5,"Wendell Corey,James Stewart,Grace Kelly","A wheelchair-bound photographer spies on his neighbors from his Greenwich Village courtyard apartment window, and becomes convinced one of them has committed murder, despite the skepticism o...",112,Rear Window,1954
"Italy,France","Drama,Romance",Nuovo Cinema Paradiso,PG,8.5,"Enzo Cannavale,Antonella Attili,Philippe Noiret",A filmmaker recalls his childhood when falling in love with the pictures at the cinema of his home village and forms a deep friendship with the cinema's projectionist.,155,Cinema Paradiso,1988
United States,"Comedy,Drama,Romance",,G,8.5,"Virginia Cherrill,Charles Chaplin,Florence Lee","With the aid of a wealthy erratic tippler, a dewy-eyed tramp who has fallen in love with a sightless flower girl accumulates money to be able to help her medically.",87,City Lights,1931
"Italy,United States",Western,C'era una volta il West,PG-13,8.5,"Claudia Cardinale,Henry Fonda,Charles Bronson",A mysterious stranger with a harmonica joins forces with a notorious desperado to protect a beautiful widow from a ruthless assassin working for the railroad.,165,Once Upon a Time in the West,1968
United States,"Drama,Mystery,War",,R,8.5,"Martin Sheen,Marlon Brando,Robert Duvall",A U.S. Army officer serving in Vietnam is tasked with assassinating a renegade Special Forces Colonel who sees himself as a god.,147,Apocalypse Now,1979
Japan,"Action,Drama,Mystery",Seppuku,Not Rated,8.6,"Tatsuya Nakadai,Akira Ishihama,Shima Iwashita","When a ronin requesting seppuku at a feudal lord's palace is told of the brutal suicide of another ronin who previously visited, he reveals how their pasts are intertwined - and in doing so ...",133,Harakiri,1962
United States,"Comedy,Drama,Romance",,G,8.5,"Charles Chaplin,Henry Bergman,Paulette Goddard",The Tramp struggles to live in modern industrial society with the help of a young homeless woman.,87,Modern Times,1936
France,"Biography,Comedy,Drama",Intouchables,R,8.5,"François Cluzet,Anne Le Ny,Omar Sy","After he becomes a quadriplegic from a paragliding accident, an aristocrat hires a young man from the projects to be his caregiver.",112,The Intouchables,2011
United States,"Drama,Romance,War",,PG,8.5,"Ingrid Bergman,Humphrey Bogart,Paul Henreid",A cynical expatriate American cafe owner struggles to decide whether or not to help his former lover and her fugitive husband escape the Nazis in French Morocco.,102,Casablanca,1942
Japan,"Animation,Drama,War",Hotaru no haka,Not Rated,8.5,"Ayano Shiraishi,Akemi Yamaguchi,Tsutomu Tatsumi",A young boy and his little sister struggle to survive in Japan during World War II.,89,Grave of the Fireflies,1988
United States,"Drama,Music",,R,8.5,"J.K. Simmons,Melissa Benoist,Miles Teller",A promising young drummer enrolls at a cut-throat music conservatory where his dreams of greatness are mentored by an instructor who will stop at nothing to realize a student's potential.,106,Whiplash,2014
United States,"Crime,Drama",,R,8.5,"Beverly D'Angelo,Edward Furlong,Edward Norton",A former neo-nazi skinhead tries to prevent his younger brother from going down the same wrong path that he did.,119,American History X,1998
"United States,Hong Kong","Crime,Drama,Thriller",,R,8.5,"Matt Damon,Leonardo DiCaprio,Jack Nicholson",An undercover cop and a mole in the police attempt to identify each other while infiltrating an Irish gang in South Boston.,151,The Departed,2006
"United States,Germany","Crime,Drama,Mystery",,R,8.5,"Gabriel Byrne,Kevin Spacey,Chazz Palminteri","A sole survivor tells of the twisty events leading up to a horrific gun battle on a boat, which began when five criminals met at a seemingly random police lineup.",106,The Usual Suspects,1995
"United Kingdom,United States","Drama,Mystery,Sci-Fi",,PG-13,8.5,"Scarlett Johansson,Christian Bale,Hugh Jackman","After a tragic accident, two stage magicians in 1890s London engage in a battle to create the ultimate illusion while sacrificing everything they have to outwit each other.",130,The Prestige,2006
"United States,United Kingdom,Malta,Morocco","Action,Adventure,Drama",,R,8.5,"Connie Nielsen,Joaquin Phoenix,Russell Crowe",A former Roman General sets out to exact vengeance against the corrupt emperor who murdered his family and sent him into slavery.,155,Gladiator,2000
United States,"Animation,Adventure,Drama",,G,8.5,"Jeremy Irons,James Earl Jones,Matthew Broderick","Lion prince Simba and his father are targeted by his bitter uncle, who wants to ascend the throne himself.",88,The Lion King,1994
United States,"Horror,Mystery,Thriller",,R,8.5,"Anthony Perkins,Janet Leigh,Vera Miles","A Phoenix secretary embezzles $40,000 from her employer's client, goes on the run and checks into a remote motel run by a young man under the domination of his mother.",109,Psycho,1960
"France,United States","Action,Crime,Drama",Léon,R,8.5,"Jean Reno,Natalie Portman,Gary Oldman","12-year-old Mathilda is reluctantly taken in by Léon, a professional assassin, after her family is murdered. An unusual relationship forms as she becomes his protégée and learns the assassin...",110,Léon: The Professional,1994
South Korea,"Drama,Thriller",Gisaengchung,R,8.5,"Lee Sun-kyun,Song Kang-ho,Cho Yeo-jeong",Greed and class discrimination threaten the newly formed symbiotic relationship between the wealthy Park family and the destitute Kim clan.,132,Parasite,2019
"France,Poland,Germany,United Kingdom","Biography,Drama,Music",,R,8.5,"Thomas Kretschmann,Frank Finlay,Adrien Brody",A Polish Jewish musician struggles to survive the destruction of the Warsaw ghetto of World War II.,150,The Pianist,2002
United States,"Adventure,Comedy,Sci-Fi",,PG,8.5,"Lea Thompson,Christopher Lloyd,Michael J. Fox","Marty McFly, a 17-year-old high school student, is accidentally sent 30 years into the past in a time-traveling DeLorean invented by his close friend, the maverick scientist Doc Brown.",116,Back to the Future,1985
United States,"Action,Sci-Fi",,R,8.6,"Arnold Schwarzenegger,Linda Hamilton,Edward Furlong","A cyborg, identical to the one who failed to kill Sarah Connor, must now protect her 10-year old son John from an even more advanced and powerful cyborg.",137,Terminator 2: Judgment Day,1991
Japan,"Animation,Adventure,Family",Sen to Chihiro no kamikakushi,PG,8.6,"Daveigh Chase,Suzanne Pleshette,Miyu Irino","During her family's move to the suburbs, a sullen 10-year-old girl wanders into a world ruled by gods, witches and spirits, a world where humans are changed into beasts.",125,Spirited Away,2001
Italy,"Comedy,Drama,Romance",La vita è bella,PG-13,8.6,"Roberto Benigni,Nicoletta Braschi,Giorgio Cantarini","When an open-minded Jewish waiter and his son become victims of the Holocaust, he uses a perfect mixture of will, humor and imagination to protect his son from the dangers around their camp.",116,Life Is Beautiful,1997
United States,"Crime,Drama,Fantasy",,R,8.6,"David Morse,Tom Hanks,Michael Clarke Duncan","The lives of guards on Death Row are affected by one of their charges: a black man accused of child murder and rape, yet who has a mysterious gift.",189,The Green Mile,1999
United States,"Action,Adventure,Fantasy",Star Wars,PG,8.6,"Harrison Ford,Carrie Fisher,Mark Hamill","Luke Skywalker joins forces with a Jedi Knight, a cocky pilot, a Wookiee and two droids to save the galaxy from the Empire's world-destroying battle station, while also attempting to rescue ...",121,Star Wars: Episode IV - A New Hope,1977
"Brazil,France,Germany","Crime,Drama",Cidade de Deus,R,8.6,"Alexandre Rodrigues,Matheus Nachtergaele,Leandro Firmino","In the slums of Rio, two kids' paths diverge as one struggles to become a photographer and the other a kingpin.",130,City of God,2002
United States,"Drama,War",,R,8.6,"Matt Damon,Tom Sizemore,Tom Hanks","Following the Normandy Landings, a group of U.S. soldiers go behind enemy lines to retrieve a paratrooper whose brothers have been killed in action.",169,Saving Private Ryan,1998
Japan,"Action,Drama",Shichinin no samurai,Not Rated,8.6,"Takashi Shimura,Toshirô Mifune,Keiko Tsushima","Farmers from a village exploited by bandits hire a veteran samurai for protection, who gathers six other samurai to join him.",207,Seven Samurai,1954
United States,"Drama,Family,Fantasy",,PG,8.6,"James Stewart,Lionel Barrymore,Donna Reed",An angel is sent from Heaven to help a desperately frustrated businessman by showing him what life would have been like if he had never existed.,130,It's a Wonderful Life,1946
"United States,United Kingdom,Canada","Adventure,Drama,Sci-Fi",,PG-13,8.6,"Anne Hathaway,Matthew McConaughey,Jessica Chastain",A team of explorers travel through a wormhole in space in an attempt to ensure humanity's survival.,169,Interstellar,2014
United States,Drama,,R,8.7,"Louise Fletcher,Jack Nicholson,Michael Berryman","In the Fall of 1963, a Korean War veteran and criminal pleads insanity and is admitted to a mental institution, where he rallies up the scared patients against the tyrannical nurse.",133,One Flew Over the Cuckoo's Nest,1975
United States,"Crime,Drama,Thriller",,R,8.6,"Lawrence A. Bonney,Jodie Foster,Anthony Hopkins","A young F.B.I. cadet must receive the help of an incarcerated and manipulative cannibal killer to help catch another serial killer, a madman who skins his victims.",118,The Silence of the Lambs,1991
United States,"Crime,Drama,Mystery",,R,8.6,"Brad Pitt,Morgan Freeman,Kevin Spacey","Two detectives, a rookie and a veteran, hunt a serial killer who uses the seven deadly sins as his motives.",127,Se7en,1995
United States,"Biography,Crime,Drama",GoodFellas,R,8.7,"Joe Pesci,Robert De Niro,Ray Liotta","The story of Henry Hill and his life in the mob, covering his relationship with his wife Karen Hill and his mob partners Jimmy Conway and Tommy DeVito in the Italian-American crime syndicate...",145,Goodfellas,1990
